term,estimate,std.error,conf.low,conf.high,sig,response,tier,dev_explained_fixed,dev_explained_full,dev_explained_n_dep,dev_explained_no_dep,dev_explained_spatial,cutoff,max_inner_edge,n_vertices,aic,n,model_id,model_path,hessian_ok,eigen_values_ok,nlminb_ok,range_ok,gradients_ok,se_magnitude_ok,se_na_ok,sigmas_ok,all_ok,clean_response,clean_term
(Intercept),3.96245455611606,0.198953918377212,3.5725120415136,4.35239707071852,positive,evi_coef,climatic_region_Arid,0.0802458850708472,0.769240318229236,0.0621240707783608,0.0439061706666155,0.768096990025303,20,1000,54054,593542.488628507,102209,subset_climatic_region_Aridgrid_zhu_sensitivity,builds/models/subset_climatic_region_Aridgrid_zhu_sensitivity.Rds,TRUE,TRUE,TRUE,TRUE,TRUE,TRUE,TRUE,TRUE,TRUE,EVI Trend,(Intercept)
mean_n_depo_zhu_scaled,0.261714020617123,0.035168014800706,0.192785978199968,0.330642063034278,positive,evi_coef,climatic_region_Arid,0.0802458850708472,0.769240318229236,0.0621240707783608,0.0439061706666155,0.768096990025303,20,1000,54054,593542.488628507,102209,subset_climatic_region_Aridgrid_zhu_sensitivity,builds/models/subset_climatic_region_Aridgrid_zhu_sensitivity.Rds,TRUE,TRUE,TRUE,TRUE,TRUE,TRUE,TRUE,TRUE,TRUE,EVI Trend,N Deposition
prec_coef_scaled,-0.210744453534681,0.0597146024811777,-0.327782923748916,-0.0937059833204469,negative,evi_coef,climatic_region_Arid,0.0802458850708472,0.769240318229236,0.0621240707783608,0.0439061706666155,0.768096990025303,20,1000,54054,593542.488628507,102209,subset_climatic_region_Aridgrid_zhu_sensitivity,builds/models/subset_climatic_region_Aridgrid_zhu_sensitivity.Rds,TRUE,TRUE,TRUE,TRUE,TRUE,TRUE,TRUE,TRUE,TRUE,EVI Trend,Precipitation Trend
hmi_change_scaled,-0.288734672504448,0.0319121988551686,-0.351281432928059,-0.226187912080837,negative,evi_coef,climatic_region_Arid,0.0802458850708472,0.769240318229236,0.0621240707783608,0.0439061706666155,0.768096990025303,20,1000,54054,593542.488628507,102209,subset_climatic_region_Aridgrid_zhu_sensitivity,builds/models/subset_climatic_region_Aridgrid_zhu_sensitivity.Rds,TRUE,TRUE,TRUE,TRUE,TRUE,TRUE,TRUE,TRUE,TRUE,EVI Trend,HMI Change
mat_coef_scaled,0.448803844514714,0.132455466932391,0.189195899771791,0.708411789257636,positive,evi_coef,climatic_region_Arid,0.0802458850708472,0.769240318229236,0.0621240707783608,0.0439061706666155,0.768096990025303,20,1000,54054,593542.488628507,102209,subset_climatic_region_Aridgrid_zhu_sensitivity,builds/models/subset_climatic_region_Aridgrid_zhu_sensitivity.Rds,TRUE,TRUE,TRUE,TRUE,TRUE,TRUE,TRUE,TRUE,TRUE,EVI Trend,MAT Trend
max_temp_coef_scaled,-0.183397801072876,0.0937067697520771,-0.367059694894535,0.000264092748782169,non-significant,evi_coef,climatic_region_Arid,0.0802458850708472,0.769240318229236,0.0621240707783608,0.0439061706666155,0.768096990025303,20,1000,54054,593542.488628507,102209,subset_climatic_region_Aridgrid_zhu_sensitivity,builds/models/subset_climatic_region_Aridgrid_zhu_sensitivity.Rds,TRUE,TRUE,TRUE,TRUE,TRUE,TRUE,TRUE,TRUE,TRUE,EVI Trend,Max. Temperature Trend
fire_frequency_scaled,-0.143374600510661,0.0283412027300048,-0.198922337140018,-0.0878268638813029,negative,evi_coef,climatic_region_Arid,0.0802458850708472,0.769240318229236,0.0621240707783608,0.0439061706666155,0.768096990025303,20,1000,54054,593542.488628507,102209,subset_climatic_region_Aridgrid_zhu_sensitivity,builds/models/subset_climatic_region_Aridgrid_zhu_sensitivity.Rds,TRUE,TRUE,TRUE,TRUE,TRUE,TRUE,TRUE,TRUE,TRUE,EVI Trend,Fire frequency
(Intercept),6.07416646479932,0.193908908599519,5.69411198766279,6.45422094193584,positive,evi_coef,climatic_region_Cold,0.0672681462551651,0.641867101356037,0.0308515905255022,0.0436069836200258,0.633441373700738,20,1000,46153,746261.242862284,100420,subset_climatic_region_Coldgrid_zhu_sensitivity,builds/models/subset_climatic_region_Coldgrid_zhu_sensitivity.Rds,TRUE,TRUE,TRUE,TRUE,TRUE,TRUE,TRUE,TRUE,TRUE,EVI Trend,(Intercept)
mean_n_depo_zhu_scaled,1.22450341585244,0.10372723668881,1.02120176772651,1.42780506397837,positive,evi_coef,climatic_region_Cold,0.0672681462551651,0.641867101356037,0.0308515905255022,0.0436069836200258,0.633441373700738,20,1000,46153,746261.242862284,100420,subset_climatic_region_Coldgrid_zhu_sensitivity,builds/models/subset_climatic_region_Coldgrid_zhu_sensitivity.Rds,TRUE,TRUE,TRUE,TRUE,TRUE,TRUE,TRUE,TRUE,TRUE,EVI Trend,N Deposition
prec_coef_scaled,-0.570688966523174,0.117881033896985,-0.80173154742161,-0.339646385624739,negative,evi_coef,climatic_region_Cold,0.0672681462551651,0.641867101356037,0.0308515905255022,0.0436069836200258,0.633441373700738,20,1000,46153,746261.242862284,100420,subset_climatic_region_Coldgrid_zhu_sensitivity,builds/models/subset_climatic_region_Coldgrid_zhu_sensitivity.Rds,TRUE,TRUE,TRUE,TRUE,TRUE,TRUE,TRUE,TRUE,TRUE,EVI Trend,Precipitation Trend
hmi_change_scaled,0.0886492908703259,0.0618344183189789,-0.0325439420398564,0.209842523780508,non-significant,evi_coef,climatic_region_Cold,0.0672681462551651,0.641867101356037,0.0308515905255022,0.0436069836200258,0.633441373700738,20,1000,46153,746261.242862284,100420,subset_climatic_region_Coldgrid_zhu_sensitivity,builds/models/subset_climatic_region_Coldgrid_zhu_sensitivity.Rds,TRUE,TRUE,TRUE,TRUE,TRUE,TRUE,TRUE,TRUE,TRUE,EVI Trend,HMI Change
mat_coef_scaled,0.62086516118573,0.145690966582029,0.335316113812124,0.906414208559335,positive,evi_coef,climatic_region_Cold,0.0672681462551651,0.641867101356037,0.0308515905255022,0.0436069836200258,0.633441373700738,20,1000,46153,746261.242862284,100420,subset_climatic_region_Coldgrid_zhu_sensitivity,builds/models/subset_climatic_region_Coldgrid_zhu_sensitivity.Rds,TRUE,TRUE,TRUE,TRUE,TRUE,TRUE,TRUE,TRUE,TRUE,EVI Trend,MAT Trend
max_temp_coef_scaled,-0.560320059970557,0.127288963527081,-0.809801844113068,-0.310838275828046,negative,evi_coef,climatic_region_Cold,0.0672681462551651,0.641867101356037,0.0308515905255022,0.0436069836200258,0.633441373700738,20,1000,46153,746261.242862284,100420,subset_climatic_region_Coldgrid_zhu_sensitivity,builds/models/subset_climatic_region_Coldgrid_zhu_sensitivity.Rds,TRUE,TRUE,TRUE,TRUE,TRUE,TRUE,TRUE,TRUE,TRUE,EVI Trend,Max. Temperature Trend
fire_frequency_scaled,-1.53357288990608,0.0446828169071995,-1.62114960177199,-1.44599617804017,negative,evi_coef,climatic_region_Cold,0.0672681462551651,0.641867101356037,0.0308515905255022,0.0436069836200258,0.633441373700738,20,1000,46153,746261.242862284,100420,subset_climatic_region_Coldgrid_zhu_sensitivity,builds/models/subset_climatic_region_Coldgrid_zhu_sensitivity.Rds,TRUE,TRUE,TRUE,TRUE,TRUE,TRUE,TRUE,TRUE,TRUE,EVI Trend,Fire frequency
(Intercept),5.63357787067534,0.279071797252166,5.08660719896023,6.18054854239045,positive,evi_coef,climatic_region_Polar,0.0318473094265619,0.648703244701073,0.00111477137907123,0.027733572635638,0.648586310811267,20,1000,19120,954511.493056901,151071,subset_climatic_region_Polargrid_zhu_sensitivity,builds/models/subset_climatic_region_Polargrid_zhu_sensitivity.Rds,TRUE,TRUE,TRUE,TRUE,TRUE,TRUE,TRUE,TRUE,TRUE,EVI Trend,(Intercept)
mean_n_depo_zhu_scaled,0.246590624882405,0.059163689929185,0.130631923428707,0.362549326336103,positive,evi_coef,climatic_region_Polar,0.0318473094265619,0.648703244701073,0.00111477137907123,0.027733572635638,0.648586310811267,20,1000,19120,954511.493056901,151071,subset_climatic_region_Polargrid_zhu_sensitivity,builds/models/subset_climatic_region_Polargrid_zhu_sensitivity.Rds,TRUE,TRUE,TRUE,TRUE,TRUE,TRUE,TRUE,TRUE,TRUE,EVI Trend,N Deposition
prec_coef_scaled,-0.106954872039608,0.0584974114696629,-0.221607691708968,0.00769794762975107,non-significant,evi_coef,climatic_region_Polar,0.0318473094265619,0.648703244701073,0.00111477137907123,0.027733572635638,0.648586310811267,20,1000,19120,954511.493056901,151071,subset_climatic_region_Polargrid_zhu_sensitivity,builds/models/subset_climatic_region_Polargrid_zhu_sensitivity.Rds,TRUE,TRUE,TRUE,TRUE,TRUE,TRUE,TRUE,TRUE,TRUE,EVI Trend,Precipitation Trend
hmi_change_scaled,-0.114601742982719,0.0476696409307991,-0.208032522363042,-0.0211709636023965,negative,evi_coef,climatic_region_Polar,0.0318473094265619,0.648703244701073,0.00111477137907123,0.027733572635638,0.648586310811267,20,1000,19120,954511.493056901,151071,subset_climatic_region_Polargrid_zhu_sensitivity,builds/models/subset_climatic_region_Polargrid_zhu_sensitivity.Rds,TRUE,TRUE,TRUE,TRUE,TRUE,TRUE,TRUE,TRUE,TRUE,EVI Trend,HMI Change
mat_coef_scaled,0.983821020632448,0.151233816378971,0.687408187285121,1.28023385397977,positive,evi_coef,climatic_region_Polar,0.0318473094265619,0.648703244701073,0.00111477137907123,0.027733572635638,0.648586310811267,20,1000,19120,954511.493056901,151071,subset_climatic_region_Polargrid_zhu_sensitivity,builds/models/subset_climatic_region_Polargrid_zhu_sensitivity.Rds,TRUE,TRUE,TRUE,TRUE,TRUE,TRUE,TRUE,TRUE,TRUE,EVI Trend,MAT Trend
max_temp_coef_scaled,-0.299040427674922,0.124730040912901,-0.543506815654416,-0.0545740396954274,negative,evi_coef,climatic_region_Polar,0.0318473094265619,0.648703244701073,0.00111477137907123,0.027733572635638,0.648586310811267,20,1000,19120,954511.493056901,151071,subset_climatic_region_Polargrid_zhu_sensitivity,builds/models/subset_climatic_region_Polargrid_zhu_sensitivity.Rds,TRUE,TRUE,TRUE,TRUE,TRUE,TRUE,TRUE,TRUE,TRUE,EVI Trend,Max. Temperature Trend
fire_frequency_scaled,-0.125983285462809,0.0187317293637584,-0.162696800383927,-0.0892697705416914,negative,evi_coef,climatic_region_Polar,0.0318473094265619,0.648703244701073,0.00111477137907123,0.027733572635638,0.648586310811267,20,1000,19120,954511.493056901,151071,subset_climatic_region_Polargrid_zhu_sensitivity,builds/models/subset_climatic_region_Polargrid_zhu_sensitivity.Rds,TRUE,TRUE,TRUE,TRUE,TRUE,TRUE,TRUE,TRUE,TRUE,EVI Trend,Fire frequency
(Intercept),8.64209778014963,0.275535648655661,8.10205783232765,9.18213772797161,positive,evi_coef,climatic_region_Temperate,0.25493351773081,0.817847449908321,0.210261917169759,0.127442170243539,0.816738725280915,20,1000,33819,783191.534742254,113465,subset_climatic_region_Temperategrid_zhu_sensitivity,builds/models/subset_climatic_region_Temperategrid_zhu_sensitivity.Rds,TRUE,TRUE,TRUE,TRUE,TRUE,TRUE,TRUE,TRUE,TRUE,EVI Trend,(Intercept)
mean_n_depo_zhu_scaled,0.885348628935379,0.104116530771402,0.681283978428176,1.08941327944258,positive,evi_coef,climatic_region_Temperate,0.25493351773081,0.817847449908321,0.210261917169759,0.127442170243539,0.816738725280915,20,1000,33819,783191.534742254,113465,subset_climatic_region_Temperategrid_zhu_sensitivity,builds/models/subset_climatic_region_Temperategrid_zhu_sensitivity.Rds,TRUE,TRUE,TRUE,TRUE,TRUE,TRUE,TRUE,TRUE,TRUE,EVI Trend,N Deposition
prec_coef_scaled,-0.145129976893906,0.104486992871806,-0.349920719775538,0.0596607659877272,non-significant,evi_coef,climatic_region_Temperate,0.25493351773081,0.817847449908321,0.210261917169759,0.127442170243539,0.816738725280915,20,1000,33819,783191.534742254,113465,subset_climatic_region_Temperategrid_zhu_sensitivity,builds/models/subset_climatic_region_Temperategrid_zhu_sensitivity.Rds,TRUE,TRUE,TRUE,TRUE,TRUE,TRUE,TRUE,TRUE,TRUE,EVI Trend,Precipitation Trend
hmi_change_scaled,-1.26641891546607,0.0602554945533207,-1.38451751466123,-1.14832031627092,negative,evi_coef,climatic_region_Temperate,0.25493351773081,0.817847449908321,0.210261917169759,0.127442170243539,0.816738725280915,20,1000,33819,783191.534742254,113465,subset_climatic_region_Temperategrid_zhu_sensitivity,builds/models/subset_climatic_region_Temperategrid_zhu_sensitivity.Rds,TRUE,TRUE,TRUE,TRUE,TRUE,TRUE,TRUE,TRUE,TRUE,EVI Trend,HMI Change
mat_coef_scaled,0.247750503401005,0.163308997108839,-0.0723292492836764,0.567830256085686,non-significant,evi_coef,climatic_region_Temperate,0.25493351773081,0.817847449908321,0.210261917169759,0.127442170243539,0.816738725280915,20,1000,33819,783191.534742254,113465,subset_climatic_region_Temperategrid_zhu_sensitivity,builds/models/subset_climatic_region_Temperategrid_zhu_sensitivity.Rds,TRUE,TRUE,TRUE,TRUE,TRUE,TRUE,TRUE,TRUE,TRUE,EVI Trend,MAT Trend
max_temp_coef_scaled,-0.0424919720121751,0.1612661432174,-0.358567804643957,0.273583860619607,non-significant,evi_coef,climatic_region_Temperate,0.25493351773081,0.817847449908321,0.210261917169759,0.127442170243539,0.816738725280915,20,1000,33819,783191.534742254,113465,subset_climatic_region_Temperategrid_zhu_sensitivity,builds/models/subset_climatic_region_Temperategrid_zhu_sensitivity.Rds,TRUE,TRUE,TRUE,TRUE,TRUE,TRUE,TRUE,TRUE,TRUE,EVI Trend,Max. Temperature Trend
fire_frequency_scaled,-0.329989145888899,0.0473447032950722,-0.422783059205975,-0.237195232571822,negative,evi_coef,climatic_region_Temperate,0.25493351773081,0.817847449908321,0.210261917169759,0.127442170243539,0.816738725280915,20,1000,33819,783191.534742254,113465,subset_climatic_region_Temperategrid_zhu_sensitivity,builds/models/subset_climatic_region_Temperategrid_zhu_sensitivity.Rds,TRUE,TRUE,TRUE,TRUE,TRUE,TRUE,TRUE,TRUE,TRUE,EVI Trend,Fire frequency
(Intercept),6.29890922229575,0.240655211407848,5.82723367524449,6.770584769347,positive,evi_coef,climatic_region_Tropical,0.0275821616295534,0.700983888385369,0.0111557044779099,0.0211851730020809,0.70003009355975,20,1000,43093,794832.171055051,107882,subset_climatic_region_Tropicalgrid_zhu_sensitivity,builds/models/subset_climatic_region_Tropicalgrid_zhu_sensitivity.Rds,TRUE,TRUE,TRUE,TRUE,TRUE,TRUE,TRUE,TRUE,TRUE,EVI Trend,(Intercept)
mean_n_depo_zhu_scaled,0.134967523925017,0.0840345654029783,-0.0297371977212965,0.29967224557133,non-significant,evi_coef,climatic_region_Tropical,0.0275821616295534,0.700983888385369,0.0111557044779099,0.0211851730020809,0.70003009355975,20,1000,43093,794832.171055051,107882,subset_climatic_region_Tropicalgrid_zhu_sensitivity,builds/models/subset_climatic_region_Tropicalgrid_zhu_sensitivity.Rds,TRUE,TRUE,TRUE,TRUE,TRUE,TRUE,TRUE,TRUE,TRUE,EVI Trend,N Deposition
prec_coef_scaled,-0.487975900914377,0.142447339213471,-0.767167555466341,-0.208784246362414,negative,evi_coef,climatic_region_Tropical,0.0275821616295534,0.700983888385369,0.0111557044779099,0.0211851730020809,0.70003009355975,20,1000,43093,794832.171055051,107882,subset_climatic_region_Tropicalgrid_zhu_sensitivity,builds/models/subset_climatic_region_Tropicalgrid_zhu_sensitivity.Rds,TRUE,TRUE,TRUE,TRUE,TRUE,TRUE,TRUE,TRUE,TRUE,EVI Trend,Precipitation Trend
hmi_change_scaled,-1.19321726136634,0.0747542102205758,-1.3397328210914,-1.04670170164127,negative,evi_coef,climatic_region_Tropical,0.0275821616295534,0.700983888385369,0.0111557044779099,0.0211851730020809,0.70003009355975,20,1000,43093,794832.171055051,107882,subset_climatic_region_Tropicalgrid_zhu_sensitivity,builds/models/subset_climatic_region_Tropicalgrid_zhu_sensitivity.Rds,TRUE,TRUE,TRUE,TRUE,TRUE,TRUE,TRUE,TRUE,TRUE,EVI Trend,HMI Change
mat_coef_scaled,0.290683414180867,0.220529190665331,-0.141545857062949,0.722912685424683,non-significant,evi_coef,climatic_region_Tropical,0.0275821616295534,0.700983888385369,0.0111557044779099,0.0211851730020809,0.70003009355975,20,1000,43093,794832.171055051,107882,subset_climatic_region_Tropicalgrid_zhu_sensitivity,builds/models/subset_climatic_region_Tropicalgrid_zhu_sensitivity.Rds,TRUE,TRUE,TRUE,TRUE,TRUE,TRUE,TRUE,TRUE,TRUE,EVI Trend,MAT Trend
max_temp_coef_scaled,-0.00844046284464094,0.131972744973394,-0.267102289933383,0.250221364244101,non-significant,evi_coef,climatic_region_Tropical,0.0275821616295534,0.700983888385369,0.0111557044779099,0.0211851730020809,0.70003009355975,20,1000,43093,794832.171055051,107882,subset_climatic_region_Tropicalgrid_zhu_sensitivity,builds/models/subset_climatic_region_Tropicalgrid_zhu_sensitivity.Rds,TRUE,TRUE,TRUE,TRUE,TRUE,TRUE,TRUE,TRUE,TRUE,EVI Trend,Max. Temperature Trend
fire_frequency_scaled,-0.296417502348262,0.0616318619954069,-0.417213732159402,-0.175621272537121,negative,evi_coef,climatic_region_Tropical,0.0275821616295534,0.700983888385369,0.0111557044779099,0.0211851730020809,0.70003009355975,20,1000,43093,794832.171055051,107882,subset_climatic_region_Tropicalgrid_zhu_sensitivity,builds/models/subset_climatic_region_Tropicalgrid_zhu_sensitivity.Rds,TRUE,TRUE,TRUE,TRUE,TRUE,TRUE,TRUE,TRUE,TRUE,EVI Trend,Fire frequency
(Intercept),5.70057504838291,0.115199290334464,5.47478858828279,5.92636150848304,positive,evi_coef,full_dataset_yes,0.083356718202186,0.718634045422485,0.0616869786600436,0.0345564546663805,0.717038360061522,20,1000,169479,3002305.48616415,431581,subset_full_dataset_yesgrid_zhu_sensitivity,builds/models/subset_full_dataset_yesgrid_zhu_sensitivity.Rds,TRUE,TRUE,TRUE,TRUE,TRUE,TRUE,TRUE,TRUE,TRUE,EVI Trend,(Intercept)
mean_n_depo_zhu_scaled,0.755686824883433,0.0473267812074119,0.662928038212699,0.848445611554167,positive,evi_coef,full_dataset_yes,0.083356718202186,0.718634045422485,0.0616869786600436,0.0345564546663805,0.717038360061522,20,1000,169479,3002305.48616415,431581,subset_full_dataset_yesgrid_zhu_sensitivity,builds/models/subset_full_dataset_yesgrid_zhu_sensitivity.Rds,TRUE,TRUE,TRUE,TRUE,TRUE,TRUE,TRUE,TRUE,TRUE,EVI Trend,N Deposition
prec_coef_scaled,-0.241656318874805,0.0534851921047008,-0.346485369106224,-0.136827268643385,negative,evi_coef,full_dataset_yes,0.083356718202186,0.718634045422485,0.0616869786600436,0.0345564546663805,0.717038360061522,20,1000,169479,3002305.48616415,431581,subset_full_dataset_yesgrid_zhu_sensitivity,builds/models/subset_full_dataset_yesgrid_zhu_sensitivity.Rds,TRUE,TRUE,TRUE,TRUE,TRUE,TRUE,TRUE,TRUE,TRUE,EVI Trend,Precipitation Trend
hmi_change_scaled,-0.689360052956201,0.0304888035382826,-0.749117009822952,-0.62960309608945,negative,evi_coef,full_dataset_yes,0.083356718202186,0.718634045422485,0.0616869786600436,0.0345564546663805,0.717038360061522,20,1000,169479,3002305.48616415,431581,subset_full_dataset_yesgrid_zhu_sensitivity,builds/models/subset_full_dataset_yesgrid_zhu_sensitivity.Rds,TRUE,TRUE,TRUE,TRUE,TRUE,TRUE,TRUE,TRUE,TRUE,EVI Trend,HMI Change
mat_coef_scaled,0.202740167854069,0.0969329479159117,0.0127550810235852,0.392725254684553,positive,evi_coef,full_dataset_yes,0.083356718202186,0.718634045422485,0.0616869786600436,0.0345564546663805,0.717038360061522,20,1000,169479,3002305.48616415,431581,subset_full_dataset_yesgrid_zhu_sensitivity,builds/models/subset_full_dataset_yesgrid_zhu_sensitivity.Rds,TRUE,TRUE,TRUE,TRUE,TRUE,TRUE,TRUE,TRUE,TRUE,EVI Trend,MAT Trend
max_temp_coef_scaled,-0.154052498444005,0.0620620286477952,-0.275691839401176,-0.0324131574868329,negative,evi_coef,full_dataset_yes,0.083356718202186,0.718634045422485,0.0616869786600436,0.0345564546663805,0.717038360061522,20,1000,169479,3002305.48616415,431581,subset_full_dataset_yesgrid_zhu_sensitivity,builds/models/subset_full_dataset_yesgrid_zhu_sensitivity.Rds,TRUE,TRUE,TRUE,TRUE,TRUE,TRUE,TRUE,TRUE,TRUE,EVI Trend,Max. Temperature Trend
fire_frequency_scaled,-0.331667642543087,0.0259722357529087,-0.382572289216772,-0.280762995869403,negative,evi_coef,full_dataset_yes,0.083356718202186,0.718634045422485,0.0616869786600436,0.0345564546663805,0.717038360061522,20,1000,169479,3002305.48616415,431581,subset_full_dataset_yesgrid_zhu_sensitivity,builds/models/subset_full_dataset_yesgrid_zhu_sensitivity.Rds,TRUE,TRUE,TRUE,TRUE,TRUE,TRUE,TRUE,TRUE,TRUE,EVI Trend,Fire frequency
(Intercept),8.86741361199684,1.3033452845521,6.31290379485461,11.4219234291391,positive,evi_coef,functional_biome_SHD,0.141883015394261,0.683249676575659,0.0228331867605609,0.13730556510811,0.68266872645878,40,1000,4218,483078.846749875,68941,subset_functional_biome_SHDgrid_zhu_sensitivity,builds/models/subset_functional_biome_SHDgrid_zhu_sensitivity.Rds,TRUE,TRUE,TRUE,TRUE,TRUE,TRUE,TRUE,TRUE,TRUE,EVI Trend,(Intercept)
mean_n_depo_zhu_scaled,0.0621342927283633,0.15350440395468,-0.238728810491097,0.362997395947824,non-significant,evi_coef,functional_biome_SHD,0.141883015394261,0.683249676575659,0.0228331867605609,0.13730556510811,0.68266872645878,40,1000,4218,483078.846749875,68941,subset_functional_biome_SHDgrid_zhu_sensitivity,builds/models/subset_functional_biome_SHDgrid_zhu_sensitivity.Rds,TRUE,TRUE,TRUE,TRUE,TRUE,TRUE,TRUE,TRUE,TRUE,EVI Trend,N Deposition
prec_coef_scaled,0.307990175014312,0.369038032705498,-0.415311078013978,1.0312914280426,non-significant,evi_coef,functional_biome_SHD,0.141883015394261,0.683249676575659,0.0228331867605609,0.13730556510811,0.68266872645878,40,1000,4218,483078.846749875,68941,subset_functional_biome_SHDgrid_zhu_sensitivity,builds/models/subset_functional_biome_SHDgrid_zhu_sensitivity.Rds,TRUE,TRUE,TRUE,TRUE,TRUE,TRUE,TRUE,TRUE,TRUE,EVI Trend,Precipitation Trend
hmi_change_scaled,-0.135762902878566,0.0912796480305757,-0.314667725539987,0.0431419197828551,non-significant,evi_coef,functional_biome_SHD,0.141883015394261,0.683249676575659,0.0228331867605609,0.13730556510811,0.68266872645878,40,1000,4218,483078.846749875,68941,subset_functional_biome_SHDgrid_zhu_sensitivity,builds/models/subset_functional_biome_SHDgrid_zhu_sensitivity.Rds,TRUE,TRUE,TRUE,TRUE,TRUE,TRUE,TRUE,TRUE,TRUE,EVI Trend,HMI Change
mat_coef_scaled,-0.00338881914183696,0.534059651892106,-1.05012650244636,1.04334886416269,non-significant,evi_coef,functional_biome_SHD,0.141883015394261,0.683249676575659,0.0228331867605609,0.13730556510811,0.68266872645878,40,1000,4218,483078.846749875,68941,subset_functional_biome_SHDgrid_zhu_sensitivity,builds/models/subset_functional_biome_SHDgrid_zhu_sensitivity.Rds,TRUE,TRUE,TRUE,TRUE,TRUE,TRUE,TRUE,TRUE,TRUE,EVI Trend,MAT Trend
max_temp_coef_scaled,-0.990299875332191,0.423035914311006,-1.81943503154873,-0.161164719115647,negative,evi_coef,functional_biome_SHD,0.141883015394261,0.683249676575659,0.0228331867605609,0.13730556510811,0.68266872645878,40,1000,4218,483078.846749875,68941,subset_functional_biome_SHDgrid_zhu_sensitivity,builds/models/subset_functional_biome_SHDgrid_zhu_sensitivity.Rds,TRUE,TRUE,TRUE,TRUE,TRUE,TRUE,TRUE,TRUE,TRUE,EVI Trend,Max. Temperature Trend
fire_frequency_scaled,-0.756246575094165,0.0702547572213673,-0.893943368990651,-0.61854978119768,negative,evi_coef,functional_biome_SHD,0.141883015394261,0.683249676575659,0.0228331867605609,0.13730556510811,0.68266872645878,40,1000,4218,483078.846749875,68941,subset_functional_biome_SHDgrid_zhu_sensitivity,builds/models/subset_functional_biome_SHDgrid_zhu_sensitivity.Rds,TRUE,TRUE,TRUE,TRUE,TRUE,TRUE,TRUE,TRUE,TRUE,EVI Trend,Fire frequency
(Intercept),6.37490199588039,0.210404882426757,5.96251600415256,6.78728798760822,positive,evi_coef,functional_biome_SLB,0.0467140020264433,0.728447259025095,0.00546682513260433,0.0358620422035333,0.727652741800479,20,1000,33222,687042.126986996,110884,subset_functional_biome_SLBgrid_zhu_sensitivity,builds/models/subset_functional_biome_SLBgrid_zhu_sensitivity.Rds,TRUE,TRUE,TRUE,TRUE,FALSE,TRUE,TRUE,TRUE,FALSE,EVI Trend,(Intercept)
mean_n_depo_zhu_scaled,0.668764402181234,0.0522429519383447,0.566370097936021,0.771158706426446,positive,evi_coef,functional_biome_SLB,0.0467140020264433,0.728447259025095,0.00546682513260433,0.0358620422035333,0.727652741800479,20,1000,33222,687042.126986996,110884,subset_functional_biome_SLBgrid_zhu_sensitivity,builds/models/subset_functional_biome_SLBgrid_zhu_sensitivity.Rds,TRUE,TRUE,TRUE,TRUE,FALSE,TRUE,TRUE,TRUE,FALSE,EVI Trend,N Deposition
prec_coef_scaled,-0.142981586665646,0.0949035182668051,-0.328989064474723,0.0430258911434314,non-significant,evi_coef,functional_biome_SLB,0.0467140020264433,0.728447259025095,0.00546682513260433,0.0358620422035333,0.727652741800479,20,1000,33222,687042.126986996,110884,subset_functional_biome_SLBgrid_zhu_sensitivity,builds/models/subset_functional_biome_SLBgrid_zhu_sensitivity.Rds,TRUE,TRUE,TRUE,TRUE,FALSE,TRUE,TRUE,TRUE,FALSE,EVI Trend,Precipitation Trend
hmi_change_scaled,-0.263103366754649,0.0360615924041611,-0.333782789091968,-0.192423944417331,negative,evi_coef,functional_biome_SLB,0.0467140020264433,0.728447259025095,0.00546682513260433,0.0358620422035333,0.727652741800479,20,1000,33222,687042.126986996,110884,subset_functional_biome_SLBgrid_zhu_sensitivity,builds/models/subset_functional_biome_SLBgrid_zhu_sensitivity.Rds,TRUE,TRUE,TRUE,TRUE,FALSE,TRUE,TRUE,TRUE,FALSE,EVI Trend,HMI Change
mat_coef_scaled,0.347820266970241,0.135064781114323,0.0830981604063828,0.6125423735341,positive,evi_coef,functional_biome_SLB,0.0467140020264433,0.728447259025095,0.00546682513260433,0.0358620422035333,0.727652741800479,20,1000,33222,687042.126986996,110884,subset_functional_biome_SLBgrid_zhu_sensitivity,builds/models/subset_functional_biome_SLBgrid_zhu_sensitivity.Rds,TRUE,TRUE,TRUE,TRUE,FALSE,TRUE,TRUE,TRUE,FALSE,EVI Trend,MAT Trend
max_temp_coef_scaled,-0.235302624546842,0.0986836215089007,-0.42871896856827,-0.0418862805254148,negative,evi_coef,functional_biome_SLB,0.0467140020264433,0.728447259025095,0.00546682513260433,0.0358620422035333,0.727652741800479,20,1000,33222,687042.126986996,110884,subset_functional_biome_SLBgrid_zhu_sensitivity,builds/models/subset_functional_biome_SLBgrid_zhu_sensitivity.Rds,TRUE,TRUE,TRUE,TRUE,FALSE,TRUE,TRUE,TRUE,FALSE,EVI Trend,Max. Temperature Trend
fire_frequency_scaled,-0.407131393210744,0.0278853574442695,-0.461785689497539,-0.35247709692395,negative,evi_coef,functional_biome_SLB,0.0467140020264433,0.728447259025095,0.00546682513260433,0.0358620422035333,0.727652741800479,20,1000,33222,687042.126986996,110884,subset_functional_biome_SLBgrid_zhu_sensitivity,builds/models/subset_functional_biome_SLBgrid_zhu_sensitivity.Rds,TRUE,TRUE,TRUE,TRUE,FALSE,TRUE,TRUE,TRUE,FALSE,EVI Trend,Fire frequency
(Intercept),3.73290217409534,0.26760331051642,3.20840932333947,4.25739502485121,positive,evi_coef,functional_biome_SLD,0.0879355014788912,0.814952733356923,0.0467193717780909,0.0731004017130558,0.814907476966634,20,1000,18681,600502.95929536,106181,subset_functional_biome_SLDgrid_zhu_sensitivity,builds/models/subset_functional_biome_SLDgrid_zhu_sensitivity.Rds,TRUE,TRUE,TRUE,TRUE,TRUE,TRUE,TRUE,TRUE,TRUE,EVI Trend,(Intercept)
mean_n_depo_zhu_scaled,0.0606421734373011,0.0376608192048531,-0.0131716758324854,0.134456022707088,non-significant,evi_coef,functional_biome_SLD,0.0879355014788912,0.814952733356923,0.0467193717780909,0.0731004017130558,0.814907476966634,20,1000,18681,600502.95929536,106181,subset_functional_biome_SLDgrid_zhu_sensitivity,builds/models/subset_functional_biome_SLDgrid_zhu_sensitivity.Rds,TRUE,TRUE,TRUE,TRUE,TRUE,TRUE,TRUE,TRUE,TRUE,EVI Trend,N Deposition
prec_coef_scaled,-0.580592514927604,0.109503000612683,-0.79521445232753,-0.365970577527679,negative,evi_coef,functional_biome_SLD,0.0879355014788912,0.814952733356923,0.0467193717780909,0.0731004017130558,0.814907476966634,20,1000,18681,600502.95929536,106181,subset_functional_biome_SLDgrid_zhu_sensitivity,builds/models/subset_functional_biome_SLDgrid_zhu_sensitivity.Rds,TRUE,TRUE,TRUE,TRUE,TRUE,TRUE,TRUE,TRUE,TRUE,EVI Trend,Precipitation Trend
hmi_change_scaled,-0.219178630015692,0.0467105825720554,-0.310729689553805,-0.127627570477579,negative,evi_coef,functional_biome_SLD,0.0879355014788912,0.814952733356923,0.0467193717780909,0.0731004017130558,0.814907476966634,20,1000,18681,600502.95929536,106181,subset_functional_biome_SLDgrid_zhu_sensitivity,builds/models/subset_functional_biome_SLDgrid_zhu_sensitivity.Rds,TRUE,TRUE,TRUE,TRUE,TRUE,TRUE,TRUE,TRUE,TRUE,EVI Trend,HMI Change
mat_coef_scaled,-0.115410487963531,0.194298678228445,-0.496228899535019,0.265407923607957,non-significant,evi_coef,functional_biome_SLD,0.0879355014788912,0.814952733356923,0.0467193717780909,0.0731004017130558,0.814907476966634,20,1000,18681,600502.95929536,106181,subset_functional_biome_SLDgrid_zhu_sensitivity,builds/models/subset_functional_biome_SLDgrid_zhu_sensitivity.Rds,TRUE,TRUE,TRUE,TRUE,TRUE,TRUE,TRUE,TRUE,TRUE,EVI Trend,MAT Trend
max_temp_coef_scaled,-0.0886723248673093,0.134908059103534,-0.353087261934437,0.175742612199818,non-significant,evi_coef,functional_biome_SLD,0.0879355014788912,0.814952733356923,0.0467193717780909,0.0731004017130558,0.814907476966634,20,1000,18681,600502.95929536,106181,subset_functional_biome_SLDgrid_zhu_sensitivity,builds/models/subset_functional_biome_SLDgrid_zhu_sensitivity.Rds,TRUE,TRUE,TRUE,TRUE,TRUE,TRUE,TRUE,TRUE,TRUE,EVI Trend,Max. Temperature Trend
fire_frequency_scaled,-0.0322637651117101,0.0238863893811992,-0.0790802280195605,0.0145526977961404,non-significant,evi_coef,functional_biome_SLD,0.0879355014788912,0.814952733356923,0.0467193717780909,0.0731004017130558,0.814907476966634,20,1000,18681,600502.95929536,106181,subset_functional_biome_SLDgrid_zhu_sensitivity,builds/models/subset_functional_biome_SLDgrid_zhu_sensitivity.Rds,TRUE,TRUE,TRUE,TRUE,TRUE,TRUE,TRUE,TRUE,TRUE,EVI Trend,Fire frequency
(Intercept),2.28073399634304,0.175620595621821,1.9365239539808,2.62494403870528,positive,evi_coef,functional_biome_SLN,0.0957379028573717,0.790089631418841,0.0555537179680179,0.0686432313356171,0.789598160597791,20,1000,38313,538359.80546058,109155,subset_functional_biome_SLNgrid_zhu_sensitivity,builds/models/subset_functional_biome_SLNgrid_zhu_sensitivity.Rds,TRUE,TRUE,TRUE,TRUE,FALSE,TRUE,TRUE,TRUE,FALSE,EVI Trend,(Intercept)
mean_n_depo_zhu_scaled,0.0977196788959113,0.0204872331383241,0.0575654398019206,0.137873917989902,positive,evi_coef,functional_biome_SLN,0.0957379028573717,0.790089631418841,0.0555537179680179,0.0686432313356171,0.789598160597791,20,1000,38313,538359.80546058,109155,subset_functional_biome_SLNgrid_zhu_sensitivity,builds/models/subset_functional_biome_SLNgrid_zhu_sensitivity.Rds,TRUE,TRUE,TRUE,TRUE,FALSE,TRUE,TRUE,TRUE,FALSE,EVI Trend,N Deposition
prec_coef_scaled,-0.309514804820034,0.0407561656442574,-0.389395421630727,-0.22963418800934,negative,evi_coef,functional_biome_SLN,0.0957379028573717,0.790089631418841,0.0555537179680179,0.0686432313356171,0.789598160597791,20,1000,38313,538359.80546058,109155,subset_functional_biome_SLNgrid_zhu_sensitivity,builds/models/subset_functional_biome_SLNgrid_zhu_sensitivity.Rds,TRUE,TRUE,TRUE,TRUE,FALSE,TRUE,TRUE,TRUE,FALSE,EVI Trend,Precipitation Trend
hmi_change_scaled,-0.197100303202573,0.0221225801308904,-0.240459763504219,-0.153740842900926,negative,evi_coef,functional_biome_SLN,0.0957379028573717,0.790089631418841,0.0555537179680179,0.0686432313356171,0.789598160597791,20,1000,38313,538359.80546058,109155,subset_functional_biome_SLNgrid_zhu_sensitivity,builds/models/subset_functional_biome_SLNgrid_zhu_sensitivity.Rds,TRUE,TRUE,TRUE,TRUE,FALSE,TRUE,TRUE,TRUE,FALSE,EVI Trend,HMI Change
mat_coef_scaled,-0.136389142915925,0.114485514190071,-0.360776627480014,0.0879983416481637,non-significant,evi_coef,functional_biome_SLN,0.0957379028573717,0.790089631418841,0.0555537179680179,0.0686432313356171,0.789598160597791,20,1000,38313,538359.80546058,109155,subset_functional_biome_SLNgrid_zhu_sensitivity,builds/models/subset_functional_biome_SLNgrid_zhu_sensitivity.Rds,TRUE,TRUE,TRUE,TRUE,FALSE,TRUE,TRUE,TRUE,FALSE,EVI Trend,MAT Trend
max_temp_coef_scaled,0.0850739212596839,0.0631769793599944,-0.0387506829379355,0.208898525457303,non-significant,evi_coef,functional_biome_SLN,0.0957379028573717,0.790089631418841,0.0555537179680179,0.0686432313356171,0.789598160597791,20,1000,38313,538359.80546058,109155,subset_functional_biome_SLNgrid_zhu_sensitivity,builds/models/subset_functional_biome_SLNgrid_zhu_sensitivity.Rds,TRUE,TRUE,TRUE,TRUE,FALSE,TRUE,TRUE,TRUE,FALSE,EVI Trend,Max. Temperature Trend
fire_frequency_scaled,-0.14542097978089,0.0218396531387721,-0.18822591336773,-0.102616046194049,negative,evi_coef,functional_biome_SLN,0.0957379028573717,0.790089631418841,0.0555537179680179,0.0686432313356171,0.789598160597791,20,1000,38313,538359.80546058,109155,subset_functional_biome_SLNgrid_zhu_sensitivity,builds/models/subset_functional_biome_SLNgrid_zhu_sensitivity.Rds,TRUE,TRUE,TRUE,TRUE,FALSE,TRUE,TRUE,TRUE,FALSE,EVI Trend,Fire frequency
(Intercept),5.27458628280993,0.589700779531384,4.11879399327322,6.43037857234663,positive,evi_coef,functional_biome_SMC,0.130721622111903,0.735794103204715,0.00827742701037215,0.115868191264517,0.7291605138647,20,1000,3605,75729.7301964997,10310,subset_functional_biome_SMCgrid_zhu_sensitivity,builds/models/subset_functional_biome_SMCgrid_zhu_sensitivity.Rds,TRUE,TRUE,TRUE,TRUE,TRUE,TRUE,TRUE,TRUE,TRUE,EVI Trend,(Intercept)
mean_n_depo_zhu_scaled,0.866692467168278,0.285075845740348,0.307954076654899,1.42543085768166,positive,evi_coef,functional_biome_SMC,0.130721622111903,0.735794103204715,0.00827742701037215,0.115868191264517,0.7291605138647,20,1000,3605,75729.7301964997,10310,subset_functional_biome_SMCgrid_zhu_sensitivity,builds/models/subset_functional_biome_SMCgrid_zhu_sensitivity.Rds,TRUE,TRUE,TRUE,TRUE,TRUE,TRUE,TRUE,TRUE,TRUE,EVI Trend,N Deposition
prec_coef_scaled,-0.119215752225146,0.447561776991812,-0.996420715985845,0.757989211535553,non-significant,evi_coef,functional_biome_SMC,0.130721622111903,0.735794103204715,0.00827742701037215,0.115868191264517,0.7291605138647,20,1000,3605,75729.7301964997,10310,subset_functional_biome_SMCgrid_zhu_sensitivity,builds/models/subset_functional_biome_SMCgrid_zhu_sensitivity.Rds,TRUE,TRUE,TRUE,TRUE,TRUE,TRUE,TRUE,TRUE,TRUE,EVI Trend,Precipitation Trend
hmi_change_scaled,-0.601785272486987,0.17080772149497,-0.936562254898476,-0.267008290075497,negative,evi_coef,functional_biome_SMC,0.130721622111903,0.735794103204715,0.00827742701037215,0.115868191264517,0.7291605138647,20,1000,3605,75729.7301964997,10310,subset_functional_biome_SMCgrid_zhu_sensitivity,builds/models/subset_functional_biome_SMCgrid_zhu_sensitivity.Rds,TRUE,TRUE,TRUE,TRUE,TRUE,TRUE,TRUE,TRUE,TRUE,EVI Trend,HMI Change
mat_coef_scaled,2.65907832386591,0.533801631723803,1.61284635079854,3.70531029693328,positive,evi_coef,functional_biome_SMC,0.130721622111903,0.735794103204715,0.00827742701037215,0.115868191264517,0.7291605138647,20,1000,3605,75729.7301964997,10310,subset_functional_biome_SMCgrid_zhu_sensitivity,builds/models/subset_functional_biome_SMCgrid_zhu_sensitivity.Rds,TRUE,TRUE,TRUE,TRUE,TRUE,TRUE,TRUE,TRUE,TRUE,EVI Trend,MAT Trend
max_temp_coef_scaled,-0.689001998377617,0.471673645224115,-1.61346535547361,0.23546135871837,non-significant,evi_coef,functional_biome_SMC,0.130721622111903,0.735794103204715,0.00827742701037215,0.115868191264517,0.7291605138647,20,1000,3605,75729.7301964997,10310,subset_functional_biome_SMCgrid_zhu_sensitivity,builds/models/subset_functional_biome_SMCgrid_zhu_sensitivity.Rds,TRUE,TRUE,TRUE,TRUE,TRUE,TRUE,TRUE,TRUE,TRUE,EVI Trend,Max. Temperature Trend
fire_frequency_scaled,-2.59748104106402,0.143550045613584,-2.87883396044573,-2.31612812168231,negative,evi_coef,functional_biome_SMC,0.130721622111903,0.735794103204715,0.00827742701037215,0.115868191264517,0.7291605138647,20,1000,3605,75729.7301964997,10310,subset_functional_biome_SMCgrid_zhu_sensitivity,builds/models/subset_functional_biome_SMCgrid_zhu_sensitivity.Rds,TRUE,TRUE,TRUE,TRUE,TRUE,TRUE,TRUE,TRUE,TRUE,EVI Trend,Fire frequency
(Intercept),9.33986302333782,0.34228432361675,8.66899807657634,10.0107279700993,positive,evi_coef,functional_biome_THD,0.157701344910347,0.77044930923488,0.142761103663302,0.0509547942556428,0.769040801379026,20,1000,23777,837430.360994325,117773,subset_functional_biome_THDgrid_zhu_sensitivity,builds/models/subset_functional_biome_THDgrid_zhu_sensitivity.Rds,TRUE,TRUE,TRUE,TRUE,FALSE,TRUE,TRUE,TRUE,FALSE,EVI Trend,(Intercept)
mean_n_depo_zhu_scaled,0.512037073516848,0.105668231093024,0.304931146264464,0.719143000769231,positive,evi_coef,functional_biome_THD,0.157701344910347,0.77044930923488,0.142761103663302,0.0509547942556428,0.769040801379026,20,1000,23777,837430.360994325,117773,subset_functional_biome_THDgrid_zhu_sensitivity,builds/models/subset_functional_biome_THDgrid_zhu_sensitivity.Rds,TRUE,TRUE,TRUE,TRUE,FALSE,TRUE,TRUE,TRUE,FALSE,EVI Trend,N Deposition
prec_coef_scaled,0.0342497235109212,0.178040431446889,-0.314703109916953,0.383202556938795,non-significant,evi_coef,functional_biome_THD,0.157701344910347,0.77044930923488,0.142761103663302,0.0509547942556428,0.769040801379026,20,1000,23777,837430.360994325,117773,subset_functional_biome_THDgrid_zhu_sensitivity,builds/models/subset_functional_biome_THDgrid_zhu_sensitivity.Rds,TRUE,TRUE,TRUE,TRUE,FALSE,TRUE,TRUE,TRUE,FALSE,EVI Trend,Precipitation Trend
hmi_change_scaled,-1.94670789720861,0.0851481252378641,-2.11359515602593,-1.77982063839129,negative,evi_coef,functional_biome_THD,0.157701344910347,0.77044930923488,0.142761103663302,0.0509547942556428,0.769040801379026,20,1000,23777,837430.360994325,117773,subset_functional_biome_THDgrid_zhu_sensitivity,builds/models/subset_functional_biome_THDgrid_zhu_sensitivity.Rds,TRUE,TRUE,TRUE,TRUE,FALSE,TRUE,TRUE,TRUE,FALSE,EVI Trend,HMI Change
mat_coef_scaled,0.582989882041616,0.222342623172722,0.14720634839492,1.01877341568831,positive,evi_coef,functional_biome_THD,0.157701344910347,0.77044930923488,0.142761103663302,0.0509547942556428,0.769040801379026,20,1000,23777,837430.360994325,117773,subset_functional_biome_THDgrid_zhu_sensitivity,builds/models/subset_functional_biome_THDgrid_zhu_sensitivity.Rds,TRUE,TRUE,TRUE,TRUE,FALSE,TRUE,TRUE,TRUE,FALSE,EVI Trend,MAT Trend
max_temp_coef_scaled,0.111103600546443,0.172172905831365,-0.226349093996638,0.448556295089525,non-significant,evi_coef,functional_biome_THD,0.157701344910347,0.77044930923488,0.142761103663302,0.0509547942556428,0.769040801379026,20,1000,23777,837430.360994325,117773,subset_functional_biome_THDgrid_zhu_sensitivity,builds/models/subset_functional_biome_THDgrid_zhu_sensitivity.Rds,TRUE,TRUE,TRUE,TRUE,FALSE,TRUE,TRUE,TRUE,FALSE,EVI Trend,Max. Temperature Trend
fire_frequency_scaled,-0.342770900016995,0.053099728026667,-0.446844454538135,-0.238697345495856,negative,evi_coef,functional_biome_THD,0.157701344910347,0.77044930923488,0.142761103663302,0.0509547942556428,0.769040801379026,20,1000,23777,837430.360994325,117773,subset_functional_biome_THDgrid_zhu_sensitivity,builds/models/subset_functional_biome_THDgrid_zhu_sensitivity.Rds,TRUE,TRUE,TRUE,TRUE,FALSE,TRUE,TRUE,TRUE,FALSE,EVI Trend,Fire frequency
(Intercept),6.76970653636392,0.256146780273703,6.26766807227157,7.27174500045627,positive,evi_coef,functional_biome_THN,0.0520948896262627,0.695047947245755,0.0399850293596884,0.0215979184987457,0.69354514590266,20,1000,36030,786755.000430723,107829,subset_functional_biome_THNgrid_zhu_sensitivity,builds/models/subset_functional_biome_THNgrid_zhu_sensitivity.Rds,TRUE,TRUE,TRUE,TRUE,TRUE,TRUE,TRUE,TRUE,TRUE,EVI Trend,(Intercept)
mean_n_depo_zhu_scaled,0.156059128092618,0.089757172598735,-0.0198616975550482,0.331979953740284,non-significant,evi_coef,functional_biome_THN,0.0520948896262627,0.695047947245755,0.0399850293596884,0.0215979184987457,0.69354514590266,20,1000,36030,786755.000430723,107829,subset_functional_biome_THNgrid_zhu_sensitivity,builds/models/subset_functional_biome_THNgrid_zhu_sensitivity.Rds,TRUE,TRUE,TRUE,TRUE,TRUE,TRUE,TRUE,TRUE,TRUE,EVI Trend,N Deposition
prec_coef_scaled,-0.282171156307428,0.133145205165452,-0.54313096314591,-0.0212113494689451,negative,evi_coef,functional_biome_THN,0.0520948896262627,0.695047947245755,0.0399850293596884,0.0215979184987457,0.69354514590266,20,1000,36030,786755.000430723,107829,subset_functional_biome_THNgrid_zhu_sensitivity,builds/models/subset_functional_biome_THNgrid_zhu_sensitivity.Rds,TRUE,TRUE,TRUE,TRUE,TRUE,TRUE,TRUE,TRUE,TRUE,EVI Trend,Precipitation Trend
hmi_change_scaled,-1.44405860158018,0.0697962129168796,-1.58085666515455,-1.30726053800581,negative,evi_coef,functional_biome_THN,0.0520948896262627,0.695047947245755,0.0399850293596884,0.0215979184987457,0.69354514590266,20,1000,36030,786755.000430723,107829,subset_functional_biome_THNgrid_zhu_sensitivity,builds/models/subset_functional_biome_THNgrid_zhu_sensitivity.Rds,TRUE,TRUE,TRUE,TRUE,TRUE,TRUE,TRUE,TRUE,TRUE,EVI Trend,HMI Change
mat_coef_scaled,0.220732516591186,0.182363000167696,-0.13669239585017,0.578157429032543,non-significant,evi_coef,functional_biome_THN,0.0520948896262627,0.695047947245755,0.0399850293596884,0.0215979184987457,0.69354514590266,20,1000,36030,786755.000430723,107829,subset_functional_biome_THNgrid_zhu_sensitivity,builds/models/subset_functional_biome_THNgrid_zhu_sensitivity.Rds,TRUE,TRUE,TRUE,TRUE,TRUE,TRUE,TRUE,TRUE,TRUE,EVI Trend,MAT Trend
max_temp_coef_scaled,-0.0366358865234094,0.114305366770748,-0.260670288633717,0.187398515586899,non-significant,evi_coef,functional_biome_THN,0.0520948896262627,0.695047947245755,0.0399850293596884,0.0215979184987457,0.69354514590266,20,1000,36030,786755.000430723,107829,subset_functional_biome_THNgrid_zhu_sensitivity,builds/models/subset_functional_biome_THNgrid_zhu_sensitivity.Rds,TRUE,TRUE,TRUE,TRUE,TRUE,TRUE,TRUE,TRUE,TRUE,EVI Trend,Max. Temperature Trend
fire_frequency_scaled,-0.490387321809412,0.0439195101708781,-0.576467979962973,-0.40430666365585,negative,evi_coef,functional_biome_THN,0.0520948896262627,0.695047947245755,0.0399850293596884,0.0215979184987457,0.69354514590266,20,1000,36030,786755.000430723,107829,subset_functional_biome_THNgrid_zhu_sensitivity,builds/models/subset_functional_biome_THNgrid_zhu_sensitivity.Rds,TRUE,TRUE,TRUE,TRUE,TRUE,TRUE,TRUE,TRUE,TRUE,EVI Trend,Fire frequency
(Intercept),4.76396771103192,0.201711061513469,4.36862129518218,5.15931412688166,positive,evi_coef,functional_biome_TLB,0.0370222391263851,0.607640729177014,0.00736744135236589,0.0322973232512768,0.595178455803813,20,1000,20661,807136.762542674,107302,subset_functional_biome_TLBgrid_zhu_sensitivity,builds/models/subset_functional_biome_TLBgrid_zhu_sensitivity.Rds,TRUE,TRUE,TRUE,TRUE,FALSE,TRUE,TRUE,TRUE,FALSE,EVI Trend,(Intercept)
mean_n_depo_zhu_scaled,0.416468753254352,0.102145282544638,0.216267678276194,0.61666982823251,positive,evi_coef,functional_biome_TLB,0.0370222391263851,0.607640729177014,0.00736744135236589,0.0322973232512768,0.595178455803813,20,1000,20661,807136.762542674,107302,subset_functional_biome_TLBgrid_zhu_sensitivity,builds/models/subset_functional_biome_TLBgrid_zhu_sensitivity.Rds,TRUE,TRUE,TRUE,TRUE,FALSE,TRUE,TRUE,TRUE,FALSE,EVI Trend,N Deposition
prec_coef_scaled,-0.436933262321479,0.142437298976776,-0.716105238371124,-0.157761286271833,negative,evi_coef,functional_biome_TLB,0.0370222391263851,0.607640729177014,0.00736744135236589,0.0322973232512768,0.595178455803813,20,1000,20661,807136.762542674,107302,subset_functional_biome_TLBgrid_zhu_sensitivity,builds/models/subset_functional_biome_TLBgrid_zhu_sensitivity.Rds,TRUE,TRUE,TRUE,TRUE,FALSE,TRUE,TRUE,TRUE,FALSE,EVI Trend,Precipitation Trend
hmi_change_scaled,-0.057192236826707,0.0812856296284889,-0.216509143359207,0.102124669705793,non-significant,evi_coef,functional_biome_TLB,0.0370222391263851,0.607640729177014,0.00736744135236589,0.0322973232512768,0.595178455803813,20,1000,20661,807136.762542674,107302,subset_functional_biome_TLBgrid_zhu_sensitivity,builds/models/subset_functional_biome_TLBgrid_zhu_sensitivity.Rds,TRUE,TRUE,TRUE,TRUE,FALSE,TRUE,TRUE,TRUE,FALSE,EVI Trend,HMI Change
mat_coef_scaled,-0.378362496157184,0.158485001006717,-0.688987390220144,-0.0677376020942246,negative,evi_coef,functional_biome_TLB,0.0370222391263851,0.607640729177014,0.00736744135236589,0.0322973232512768,0.595178455803813,20,1000,20661,807136.762542674,107302,subset_functional_biome_TLBgrid_zhu_sensitivity,builds/models/subset_functional_biome_TLBgrid_zhu_sensitivity.Rds,TRUE,TRUE,TRUE,TRUE,FALSE,TRUE,TRUE,TRUE,FALSE,EVI Trend,MAT Trend
max_temp_coef_scaled,-0.36874626906705,0.146799155615533,-0.656467327034386,-0.0810252110997142,negative,evi_coef,functional_biome_TLB,0.0370222391263851,0.607640729177014,0.00736744135236589,0.0322973232512768,0.595178455803813,20,1000,20661,807136.762542674,107302,subset_functional_biome_TLBgrid_zhu_sensitivity,builds/models/subset_functional_biome_TLBgrid_zhu_sensitivity.Rds,TRUE,TRUE,TRUE,TRUE,FALSE,TRUE,TRUE,TRUE,FALSE,EVI Trend,Max. Temperature Trend
fire_frequency_scaled,-2.80269127538755,0.0474552792908363,-2.89570191367388,-2.70968063710122,negative,evi_coef,functional_biome_TLB,0.0370222391263851,0.607640729177014,0.00736744135236589,0.0322973232512768,0.595178455803813,20,1000,20661,807136.762542674,107302,subset_functional_biome_TLBgrid_zhu_sensitivity,builds/models/subset_functional_biome_TLBgrid_zhu_sensitivity.Rds,TRUE,TRUE,TRUE,TRUE,FALSE,TRUE,TRUE,TRUE,FALSE,EVI Trend,Fire frequency
(Intercept),7.20785980326876,0.243659517422494,6.73029592463027,7.68542368190726,positive,evi_coef,functional_biome_TMB,0.196526035737462,0.729166678947982,0.169213369335098,0.143557162773209,0.727831044786778,20,1000,22768,1012175.45892645,141543,subset_functional_biome_TMBgrid_zhu_sensitivity,builds/models/subset_functional_biome_TMBgrid_zhu_sensitivity.Rds,TRUE,TRUE,TRUE,TRUE,TRUE,TRUE,TRUE,TRUE,TRUE,EVI Trend,(Intercept)
mean_n_depo_zhu_scaled,1.99121477762976,0.135496431163563,1.72564665251546,2.25678290274405,positive,evi_coef,functional_biome_TMB,0.196526035737462,0.729166678947982,0.169213369335098,0.143557162773209,0.727831044786778,20,1000,22768,1012175.45892645,141543,subset_functional_biome_TMBgrid_zhu_sensitivity,builds/models/subset_functional_biome_TMBgrid_zhu_sensitivity.Rds,TRUE,TRUE,TRUE,TRUE,TRUE,TRUE,TRUE,TRUE,TRUE,EVI Trend,N Deposition
prec_coef_scaled,-1.99121926588515,0.190938528260841,-2.36545190453748,-1.61698662723282,negative,evi_coef,functional_biome_TMB,0.196526035737462,0.729166678947982,0.169213369335098,0.143557162773209,0.727831044786778,20,1000,22768,1012175.45892645,141543,subset_functional_biome_TMBgrid_zhu_sensitivity,builds/models/subset_functional_biome_TMBgrid_zhu_sensitivity.Rds,TRUE,TRUE,TRUE,TRUE,TRUE,TRUE,TRUE,TRUE,TRUE,EVI Trend,Precipitation Trend
hmi_change_scaled,-0.481849748853132,0.0681494664062792,-0.615420248575062,-0.348279249131203,negative,evi_coef,functional_biome_TMB,0.196526035737462,0.729166678947982,0.169213369335098,0.143557162773209,0.727831044786778,20,1000,22768,1012175.45892645,141543,subset_functional_biome_TMBgrid_zhu_sensitivity,builds/models/subset_functional_biome_TMBgrid_zhu_sensitivity.Rds,TRUE,TRUE,TRUE,TRUE,TRUE,TRUE,TRUE,TRUE,TRUE,EVI Trend,HMI Change
mat_coef_scaled,0.423219959680208,0.183784796712793,0.0630083772171174,0.783431542143298,positive,evi_coef,functional_biome_TMB,0.196526035737462,0.729166678947982,0.169213369335098,0.143557162773209,0.727831044786778,20,1000,22768,1012175.45892645,141543,subset_functional_biome_TMBgrid_zhu_sensitivity,builds/models/subset_functional_biome_TMBgrid_zhu_sensitivity.Rds,TRUE,TRUE,TRUE,TRUE,TRUE,TRUE,TRUE,TRUE,TRUE,EVI Trend,MAT Trend
max_temp_coef_scaled,-0.666851977433659,0.178264710074296,-1.01624438889375,-0.317459565973565,negative,evi_coef,functional_biome_TMB,0.196526035737462,0.729166678947982,0.169213369335098,0.143557162773209,0.727831044786778,20,1000,22768,1012175.45892645,141543,subset_functional_biome_TMBgrid_zhu_sensitivity,builds/models/subset_functional_biome_TMBgrid_zhu_sensitivity.Rds,TRUE,TRUE,TRUE,TRUE,TRUE,TRUE,TRUE,TRUE,TRUE,EVI Trend,Max. Temperature Trend
fire_frequency_scaled,-0.919515605044565,0.0419704618063857,-1.00177619859959,-0.837255011489535,negative,evi_coef,functional_biome_TMB,0.196526035737462,0.729166678947982,0.169213369335098,0.143557162773209,0.727831044786778,20,1000,22768,1012175.45892645,141543,subset_functional_biome_TMBgrid_zhu_sensitivity,builds/models/subset_functional_biome_TMBgrid_zhu_sensitivity.Rds,TRUE,TRUE,TRUE,TRUE,TRUE,TRUE,TRUE,TRUE,TRUE,EVI Trend,Fire frequency
(Intercept),6.96320866936782,0.260109628342635,6.45340316578416,7.47301417295148,positive,evi_coef,functional_biome_TMC,0.0541404745294715,0.687459811383653,0.00371910384596241,0.0540697796674844,0.687018030225234,20,1000,19514,908134.151039453,128636,subset_functional_biome_TMCgrid_zhu_sensitivity,builds/models/subset_functional_biome_TMCgrid_zhu_sensitivity.Rds,TRUE,TRUE,TRUE,TRUE,TRUE,TRUE,TRUE,TRUE,TRUE,EVI Trend,(Intercept)
mean_n_depo_zhu_scaled,0.290244917772023,0.0973509774560616,0.0994405080983718,0.481049327445675,positive,evi_coef,functional_biome_TMC,0.0541404745294715,0.687459811383653,0.00371910384596241,0.0540697796674844,0.687018030225234,20,1000,19514,908134.151039453,128636,subset_functional_biome_TMCgrid_zhu_sensitivity,builds/models/subset_functional_biome_TMCgrid_zhu_sensitivity.Rds,TRUE,TRUE,TRUE,TRUE,TRUE,TRUE,TRUE,TRUE,TRUE,EVI Trend,N Deposition
prec_coef_scaled,0.423477662676935,0.166933094408672,0.0962948098081138,0.750660515545756,positive,evi_coef,functional_biome_TMC,0.0541404745294715,0.687459811383653,0.00371910384596241,0.0540697796674844,0.687018030225234,20,1000,19514,908134.151039453,128636,subset_functional_biome_TMCgrid_zhu_sensitivity,builds/models/subset_functional_biome_TMCgrid_zhu_sensitivity.Rds,TRUE,TRUE,TRUE,TRUE,TRUE,TRUE,TRUE,TRUE,TRUE,EVI Trend,Precipitation Trend
hmi_change_scaled,0.457436247952468,0.0431998503206507,0.372766097186471,0.542106398718464,positive,evi_coef,functional_biome_TMC,0.0541404745294715,0.687459811383653,0.00371910384596241,0.0540697796674844,0.687018030225234,20,1000,19514,908134.151039453,128636,subset_functional_biome_TMCgrid_zhu_sensitivity,builds/models/subset_functional_biome_TMCgrid_zhu_sensitivity.Rds,TRUE,TRUE,TRUE,TRUE,TRUE,TRUE,TRUE,TRUE,TRUE,EVI Trend,HMI Change
mat_coef_scaled,1.53125165515092,0.198995623002011,1.14122740098587,1.92127590931598,positive,evi_coef,functional_biome_TMC,0.0541404745294715,0.687459811383653,0.00371910384596241,0.0540697796674844,0.687018030225234,20,1000,19514,908134.151039453,128636,subset_functional_biome_TMCgrid_zhu_sensitivity,builds/models/subset_functional_biome_TMCgrid_zhu_sensitivity.Rds,TRUE,TRUE,TRUE,TRUE,TRUE,TRUE,TRUE,TRUE,TRUE,EVI Trend,MAT Trend
max_temp_coef_scaled,-0.536382381242927,0.181689351982877,-0.892486967503787,-0.180277794982066,negative,evi_coef,functional_biome_TMC,0.0541404745294715,0.687459811383653,0.00371910384596241,0.0540697796674844,0.687018030225234,20,1000,19514,908134.151039453,128636,subset_functional_biome_TMCgrid_zhu_sensitivity,builds/models/subset_functional_biome_TMCgrid_zhu_sensitivity.Rds,TRUE,TRUE,TRUE,TRUE,TRUE,TRUE,TRUE,TRUE,TRUE,EVI Trend,Max. Temperature Trend
fire_frequency_scaled,-0.0471399434605663,0.0307995432288954,-0.107505938929486,0.0132260520083532,non-significant,evi_coef,functional_biome_TMC,0.0541404745294715,0.687459811383653,0.00371910384596241,0.0540697796674844,0.687018030225234,20,1000,19514,908134.151039453,128636,subset_functional_biome_TMCgrid_zhu_sensitivity,builds/models/subset_functional_biome_TMCgrid_zhu_sensitivity.Rds,TRUE,TRUE,TRUE,TRUE,TRUE,TRUE,TRUE,TRUE,TRUE,EVI Trend,Fire frequency
(Intercept),6.89238695857858,0.345522215716535,6.21517585991569,7.56959805724147,positive,evi_coef,functional_biome_TMN,0.0903251934384595,0.724510524482596,0.0665832795720096,0.0568336649378289,0.723845598476066,20,1000,12785,709011.220905393,103669,subset_functional_biome_TMNgrid_zhu_sensitivity,builds/models/subset_functional_biome_TMNgrid_zhu_sensitivity.Rds,TRUE,TRUE,TRUE,TRUE,TRUE,TRUE,TRUE,TRUE,TRUE,EVI Trend,(Intercept)
mean_n_depo_zhu_scaled,0.626983515062253,0.117999798527762,0.395708159764856,0.858258870359649,positive,evi_coef,functional_biome_TMN,0.0903251934384595,0.724510524482596,0.0665832795720096,0.0568336649378289,0.723845598476066,20,1000,12785,709011.220905393,103669,subset_functional_biome_TMNgrid_zhu_sensitivity,builds/models/subset_functional_biome_TMNgrid_zhu_sensitivity.Rds,TRUE,TRUE,TRUE,TRUE,TRUE,TRUE,TRUE,TRUE,TRUE,EVI Trend,N Deposition
prec_coef_scaled,-0.405985571221634,0.116353536751768,-0.634034312728956,-0.177936829714312,negative,evi_coef,functional_biome_TMN,0.0903251934384595,0.724510524482596,0.0665832795720096,0.0568336649378289,0.723845598476066,20,1000,12785,709011.220905393,103669,subset_functional_biome_TMNgrid_zhu_sensitivity,builds/models/subset_functional_biome_TMNgrid_zhu_sensitivity.Rds,TRUE,TRUE,TRUE,TRUE,TRUE,TRUE,TRUE,TRUE,TRUE,EVI Trend,Precipitation Trend
hmi_change_scaled,-0.896410863955971,0.0718219965925663,-1.03717939057516,-0.755642337336782,negative,evi_coef,functional_biome_TMN,0.0903251934384595,0.724510524482596,0.0665832795720096,0.0568336649378289,0.723845598476066,20,1000,12785,709011.220905393,103669,subset_functional_biome_TMNgrid_zhu_sensitivity,builds/models/subset_functional_biome_TMNgrid_zhu_sensitivity.Rds,TRUE,TRUE,TRUE,TRUE,TRUE,TRUE,TRUE,TRUE,TRUE,EVI Trend,HMI Change
mat_coef_scaled,0.0718361491761154,0.254090284835111,-0.426171657922226,0.569843956274457,non-significant,evi_coef,functional_biome_TMN,0.0903251934384595,0.724510524482596,0.0665832795720096,0.0568336649378289,0.723845598476066,20,1000,12785,709011.220905393,103669,subset_functional_biome_TMNgrid_zhu_sensitivity,builds/models/subset_functional_biome_TMNgrid_zhu_sensitivity.Rds,TRUE,TRUE,TRUE,TRUE,TRUE,TRUE,TRUE,TRUE,TRUE,EVI Trend,MAT Trend
max_temp_coef_scaled,-0.193511828749476,0.216511935907672,-0.617867425351557,0.230843767852604,non-significant,evi_coef,functional_biome_TMN,0.0903251934384595,0.724510524482596,0.0665832795720096,0.0568336649378289,0.723845598476066,20,1000,12785,709011.220905393,103669,subset_functional_biome_TMNgrid_zhu_sensitivity,builds/models/subset_functional_biome_TMNgrid_zhu_sensitivity.Rds,TRUE,TRUE,TRUE,TRUE,TRUE,TRUE,TRUE,TRUE,TRUE,EVI Trend,Max. Temperature Trend
fire_frequency_scaled,-0.537017138496136,0.040480798860638,-0.616358046328397,-0.457676230663876,negative,evi_coef,functional_biome_TMN,0.0903251934384595,0.724510524482596,0.0665832795720096,0.0568336649378289,0.723845598476066,20,1000,12785,709011.220905393,103669,subset_functional_biome_TMNgrid_zhu_sensitivity,builds/models/subset_functional_biome_TMNgrid_zhu_sensitivity.Rds,TRUE,TRUE,TRUE,TRUE,TRUE,TRUE,TRUE,TRUE,TRUE,EVI Trend,Fire frequency
(Intercept),5.05784893785141,0.207728533430843,4.65070849376563,5.46498938193719,positive,evi_coef,olson_biome_Boreal Forests/Taiga,0.0663346117748812,0.626812789827542,0.00586836375439304,0.0628267522107771,0.617105190647428,20,1000,30130,866834.226356477,114731,subset_olson_biome_Boreal_Forests_Taigagrid_zhu_sensitivity,builds/models/subset_olson_biome_Boreal_Forests_Taigagrid_zhu_sensitivity.Rds,TRUE,TRUE,TRUE,TRUE,TRUE,TRUE,TRUE,TRUE,TRUE,EVI Trend,(Intercept)
mean_n_depo_zhu_scaled,0.172381143976553,0.0728114958610459,0.0296732344284158,0.31508905352469,positive,evi_coef,olson_biome_Boreal Forests/Taiga,0.0663346117748812,0.626812789827542,0.00586836375439304,0.0628267522107771,0.617105190647428,20,1000,30130,866834.226356477,114731,subset_olson_biome_Boreal_Forests_Taigagrid_zhu_sensitivity,builds/models/subset_olson_biome_Boreal_Forests_Taigagrid_zhu_sensitivity.Rds,TRUE,TRUE,TRUE,TRUE,TRUE,TRUE,TRUE,TRUE,TRUE,EVI Trend,N Deposition
prec_coef_scaled,-0.305438975484627,0.145927817723759,-0.59145224256572,-0.0194257084035345,negative,evi_coef,olson_biome_Boreal Forests/Taiga,0.0663346117748812,0.626812789827542,0.00586836375439304,0.0628267522107771,0.617105190647428,20,1000,30130,866834.226356477,114731,subset_olson_biome_Boreal_Forests_Taigagrid_zhu_sensitivity,builds/models/subset_olson_biome_Boreal_Forests_Taigagrid_zhu_sensitivity.Rds,TRUE,TRUE,TRUE,TRUE,TRUE,TRUE,TRUE,TRUE,TRUE,EVI Trend,Precipitation Trend
hmi_change_scaled,0.182141482824719,0.0363965520689381,0.110805551608164,0.253477414041275,positive,evi_coef,olson_biome_Boreal Forests/Taiga,0.0663346117748812,0.626812789827542,0.00586836375439304,0.0628267522107771,0.617105190647428,20,1000,30130,866834.226356477,114731,subset_olson_biome_Boreal_Forests_Taigagrid_zhu_sensitivity,builds/models/subset_olson_biome_Boreal_Forests_Taigagrid_zhu_sensitivity.Rds,TRUE,TRUE,TRUE,TRUE,TRUE,TRUE,TRUE,TRUE,TRUE,EVI Trend,HMI Change
mat_coef_scaled,0.403028959236286,0.176781698960574,0.0565431961477599,0.749514722324813,positive,evi_coef,olson_biome_Boreal Forests/Taiga,0.0663346117748812,0.626812789827542,0.00586836375439304,0.0628267522107771,0.617105190647428,20,1000,30130,866834.226356477,114731,subset_olson_biome_Boreal_Forests_Taigagrid_zhu_sensitivity,builds/models/subset_olson_biome_Boreal_Forests_Taigagrid_zhu_sensitivity.Rds,TRUE,TRUE,TRUE,TRUE,TRUE,TRUE,TRUE,TRUE,TRUE,EVI Trend,MAT Trend
max_temp_coef_scaled,-0.880181687490385,0.162812093685009,-1.19928752736056,-0.561075847620207,negative,evi_coef,olson_biome_Boreal Forests/Taiga,0.0663346117748812,0.626812789827542,0.00586836375439304,0.0628267522107771,0.617105190647428,20,1000,30130,866834.226356477,114731,subset_olson_biome_Boreal_Forests_Taigagrid_zhu_sensitivity,builds/models/subset_olson_biome_Boreal_Forests_Taigagrid_zhu_sensitivity.Rds,TRUE,TRUE,TRUE,TRUE,TRUE,TRUE,TRUE,TRUE,TRUE,EVI Trend,Max. Temperature Trend
fire_frequency_scaled,-2.45485723302924,0.0425985941623032,-2.53834894337939,-2.37136552267909,negative,evi_coef,olson_biome_Boreal Forests/Taiga,0.0663346117748812,0.626812789827542,0.00586836375439304,0.0628267522107771,0.617105190647428,20,1000,30130,866834.226356477,114731,subset_olson_biome_Boreal_Forests_Taigagrid_zhu_sensitivity,builds/models/subset_olson_biome_Boreal_Forests_Taigagrid_zhu_sensitivity.Rds,TRUE,TRUE,TRUE,TRUE,TRUE,TRUE,TRUE,TRUE,TRUE,EVI Trend,Fire frequency
(Intercept),2.59864705527401,0.180559588374774,2.24475676499608,2.95253734555194,positive,evi_coef,olson_biome_Deserts & Xeric Shrublands,0.104463844970039,0.765963081513244,0.0708781257827018,0.075591110029535,0.76482580759822,20,1000,42764,555356.757642458,104729,subset_olson_biome_Deserts_&_Xeric_Shrublandsgrid_zhu_sensitivity,builds/models/subset_olson_biome_Deserts_&_Xeric_Shrublandsgrid_zhu_sensitivity.Rds,TRUE,TRUE,TRUE,TRUE,TRUE,TRUE,TRUE,TRUE,TRUE,EVI Trend,(Intercept)
mean_n_depo_zhu_scaled,0.254358464502556,0.0277005461289704,0.200066391737684,0.308650537267429,positive,evi_coef,olson_biome_Deserts & Xeric Shrublands,0.104463844970039,0.765963081513244,0.0708781257827018,0.075591110029535,0.76482580759822,20,1000,42764,555356.757642458,104729,subset_olson_biome_Deserts_&_Xeric_Shrublandsgrid_zhu_sensitivity,builds/models/subset_olson_biome_Deserts_&_Xeric_Shrublandsgrid_zhu_sensitivity.Rds,TRUE,TRUE,TRUE,TRUE,TRUE,TRUE,TRUE,TRUE,TRUE,EVI Trend,N Deposition
prec_coef_scaled,-0.243804332384248,0.0444523860456145,-0.330929408060524,-0.156679256707973,negative,evi_coef,olson_biome_Deserts & Xeric Shrublands,0.104463844970039,0.765963081513244,0.0708781257827018,0.075591110029535,0.76482580759822,20,1000,42764,555356.757642458,104729,subset_olson_biome_Deserts_&_Xeric_Shrublandsgrid_zhu_sensitivity,builds/models/subset_olson_biome_Deserts_&_Xeric_Shrublandsgrid_zhu_sensitivity.Rds,TRUE,TRUE,TRUE,TRUE,TRUE,TRUE,TRUE,TRUE,TRUE,EVI Trend,Precipitation Trend
hmi_change_scaled,-0.329098093913716,0.0248155085323156,-0.377735596895101,-0.280460590932331,negative,evi_coef,olson_biome_Deserts & Xeric Shrublands,0.104463844970039,0.765963081513244,0.0708781257827018,0.075591110029535,0.76482580759822,20,1000,42764,555356.757642458,104729,subset_olson_biome_Deserts_&_Xeric_Shrublandsgrid_zhu_sensitivity,builds/models/subset_olson_biome_Deserts_&_Xeric_Shrublandsgrid_zhu_sensitivity.Rds,TRUE,TRUE,TRUE,TRUE,TRUE,TRUE,TRUE,TRUE,TRUE,EVI Trend,HMI Change
mat_coef_scaled,-0.138197088372619,0.12285908268203,-0.378996465603026,0.102602288857788,non-significant,evi_coef,olson_biome_Deserts & Xeric Shrublands,0.104463844970039,0.765963081513244,0.0708781257827018,0.075591110029535,0.76482580759822,20,1000,42764,555356.757642458,104729,subset_olson_biome_Deserts_&_Xeric_Shrublandsgrid_zhu_sensitivity,builds/models/subset_olson_biome_Deserts_&_Xeric_Shrublandsgrid_zhu_sensitivity.Rds,TRUE,TRUE,TRUE,TRUE,TRUE,TRUE,TRUE,TRUE,TRUE,EVI Trend,MAT Trend
max_temp_coef_scaled,-0.144489127646457,0.0794682866906892,-0.300244107473312,0.0112658521803973,non-significant,evi_coef,olson_biome_Deserts & Xeric Shrublands,0.104463844970039,0.765963081513244,0.0708781257827018,0.075591110029535,0.76482580759822,20,1000,42764,555356.757642458,104729,subset_olson_biome_Deserts_&_Xeric_Shrublandsgrid_zhu_sensitivity,builds/models/subset_olson_biome_Deserts_&_Xeric_Shrublandsgrid_zhu_sensitivity.Rds,TRUE,TRUE,TRUE,TRUE,TRUE,TRUE,TRUE,TRUE,TRUE,EVI Trend,Max. Temperature Trend
fire_frequency_scaled,-0.0951964402288228,0.0247698301733603,-0.143744415271782,-0.0466484651858632,negative,evi_coef,olson_biome_Deserts & Xeric Shrublands,0.104463844970039,0.765963081513244,0.0708781257827018,0.075591110029535,0.76482580759822,20,1000,42764,555356.757642458,104729,subset_olson_biome_Deserts_&_Xeric_Shrublandsgrid_zhu_sensitivity,builds/models/subset_olson_biome_Deserts_&_Xeric_Shrublandsgrid_zhu_sensitivity.Rds,TRUE,TRUE,TRUE,TRUE,TRUE,TRUE,TRUE,TRUE,TRUE,EVI Trend,Fire frequency
(Intercept),4.00795662607027,0.404868300979086,3.21442933766934,4.8014839144712,positive,evi_coef,"olson_biome_Mediterranean Forests, Woodlands & Scrub",0.0789800605845965,0.771958417931552,0.0252442280625377,0.0690159120338451,0.770760148264501,20,1000,8785,517869.373144852,84352,"subset_olson_biome_Mediterranean_Forests,_Woodlands_&_Scrubgrid_zhu_sensitivity","builds/models/subset_olson_biome_Mediterranean_Forests,_Woodlands_&_Scrubgrid_zhu_sensitivity.Rds",TRUE,TRUE,TRUE,TRUE,TRUE,TRUE,TRUE,TRUE,TRUE,EVI Trend,(Intercept)
mean_n_depo_zhu_scaled,0.123530700534845,0.0656790502304315,-0.00519787245559786,0.252259273525288,non-significant,evi_coef,"olson_biome_Mediterranean Forests, Woodlands & Scrub",0.0789800605845965,0.771958417931552,0.0252442280625377,0.0690159120338451,0.770760148264501,20,1000,8785,517869.373144852,84352,"subset_olson_biome_Mediterranean_Forests,_Woodlands_&_Scrubgrid_zhu_sensitivity","builds/models/subset_olson_biome_Mediterranean_Forests,_Woodlands_&_Scrubgrid_zhu_sensitivity.Rds",TRUE,TRUE,TRUE,TRUE,TRUE,TRUE,TRUE,TRUE,TRUE,EVI Trend,N Deposition
prec_coef_scaled,0.195285922190788,0.230851117324291,-0.257173953555652,0.647745797937229,non-significant,evi_coef,"olson_biome_Mediterranean Forests, Woodlands & Scrub",0.0789800605845965,0.771958417931552,0.0252442280625377,0.0690159120338451,0.770760148264501,20,1000,8785,517869.373144852,84352,"subset_olson_biome_Mediterranean_Forests,_Woodlands_&_Scrubgrid_zhu_sensitivity","builds/models/subset_olson_biome_Mediterranean_Forests,_Woodlands_&_Scrubgrid_zhu_sensitivity.Rds",TRUE,TRUE,TRUE,TRUE,TRUE,TRUE,TRUE,TRUE,TRUE,EVI Trend,Precipitation Trend
hmi_change_scaled,-0.0325728573774635,0.0535318839436329,-0.137493421931562,0.0723477071766349,non-significant,evi_coef,"olson_biome_Mediterranean Forests, Woodlands & Scrub",0.0789800605845965,0.771958417931552,0.0252442280625377,0.0690159120338451,0.770760148264501,20,1000,8785,517869.373144852,84352,"subset_olson_biome_Mediterranean_Forests,_Woodlands_&_Scrubgrid_zhu_sensitivity","builds/models/subset_olson_biome_Mediterranean_Forests,_Woodlands_&_Scrubgrid_zhu_sensitivity.Rds",TRUE,TRUE,TRUE,TRUE,TRUE,TRUE,TRUE,TRUE,TRUE,EVI Trend,HMI Change
mat_coef_scaled,1.25194569820747,0.358367110918782,0.549559067562984,1.95433232885195,positive,evi_coef,"olson_biome_Mediterranean Forests, Woodlands & Scrub",0.0789800605845965,0.771958417931552,0.0252442280625377,0.0690159120338451,0.770760148264501,20,1000,8785,517869.373144852,84352,"subset_olson_biome_Mediterranean_Forests,_Woodlands_&_Scrubgrid_zhu_sensitivity","builds/models/subset_olson_biome_Mediterranean_Forests,_Woodlands_&_Scrubgrid_zhu_sensitivity.Rds",TRUE,TRUE,TRUE,TRUE,TRUE,TRUE,TRUE,TRUE,TRUE,EVI Trend,MAT Trend
max_temp_coef_scaled,0.652028151095921,0.21225150253212,0.236022850468455,1.06803345172339,positive,evi_coef,"olson_biome_Mediterranean Forests, Woodlands & Scrub",0.0789800605845965,0.771958417931552,0.0252442280625377,0.0690159120338451,0.770760148264501,20,1000,8785,517869.373144852,84352,"subset_olson_biome_Mediterranean_Forests,_Woodlands_&_Scrubgrid_zhu_sensitivity","builds/models/subset_olson_biome_Mediterranean_Forests,_Woodlands_&_Scrubgrid_zhu_sensitivity.Rds",TRUE,TRUE,TRUE,TRUE,TRUE,TRUE,TRUE,TRUE,TRUE,EVI Trend,Max. Temperature Trend
fire_frequency_scaled,-0.587103950265894,0.0285345529421743,-0.643030646347508,-0.531177254184281,negative,evi_coef,"olson_biome_Mediterranean Forests, Woodlands & Scrub",0.0789800605845965,0.771958417931552,0.0252442280625377,0.0690159120338451,0.770760148264501,20,1000,8785,517869.373144852,84352,"subset_olson_biome_Mediterranean_Forests,_Woodlands_&_Scrubgrid_zhu_sensitivity","builds/models/subset_olson_biome_Mediterranean_Forests,_Woodlands_&_Scrubgrid_zhu_sensitivity.Rds",TRUE,TRUE,TRUE,TRUE,TRUE,TRUE,TRUE,TRUE,TRUE,EVI Trend,Fire frequency
(Intercept),5.47902025126713,0.31790428786822,4.85593929651457,6.1021012060197,positive,evi_coef,olson_biome_Montane Grasslands & Shrublands,0.0704489631667729,0.747846486553021,0.0555535513653113,0.0276493192498497,0.747443608057418,20,1000,16522,1110090.67364984,185051,subset_olson_biome_Montane_Grasslands_&_Shrublandsgrid_zhu_sensitivity,builds/models/subset_olson_biome_Montane_Grasslands_&_Shrublandsgrid_zhu_sensitivity.Rds,TRUE,TRUE,TRUE,TRUE,FALSE,TRUE,TRUE,TRUE,FALSE,EVI Trend,(Intercept)
mean_n_depo_zhu_scaled,0.361565120957579,0.0493196230097681,0.26490043612734,0.458229805787817,positive,evi_coef,olson_biome_Montane Grasslands & Shrublands,0.0704489631667729,0.747846486553021,0.0555535513653113,0.0276493192498497,0.747443608057418,20,1000,16522,1110090.67364984,185051,subset_olson_biome_Montane_Grasslands_&_Shrublandsgrid_zhu_sensitivity,builds/models/subset_olson_biome_Montane_Grasslands_&_Shrublandsgrid_zhu_sensitivity.Rds,TRUE,TRUE,TRUE,TRUE,FALSE,TRUE,TRUE,TRUE,FALSE,EVI Trend,N Deposition
prec_coef_scaled,-0.202951898836446,0.0565761829629431,-0.313839179826563,-0.0920646178463292,negative,evi_coef,olson_biome_Montane Grasslands & Shrublands,0.0704489631667729,0.747846486553021,0.0555535513653113,0.0276493192498497,0.747443608057418,20,1000,16522,1110090.67364984,185051,subset_olson_biome_Montane_Grasslands_&_Shrublandsgrid_zhu_sensitivity,builds/models/subset_olson_biome_Montane_Grasslands_&_Shrublandsgrid_zhu_sensitivity.Rds,TRUE,TRUE,TRUE,TRUE,FALSE,TRUE,TRUE,TRUE,FALSE,EVI Trend,Precipitation Trend
hmi_change_scaled,-0.458876023230616,0.043963060034234,-0.545042037547886,-0.372710008913345,negative,evi_coef,olson_biome_Montane Grasslands & Shrublands,0.0704489631667729,0.747846486553021,0.0555535513653113,0.0276493192498497,0.747443608057418,20,1000,16522,1110090.67364984,185051,subset_olson_biome_Montane_Grasslands_&_Shrublandsgrid_zhu_sensitivity,builds/models/subset_olson_biome_Montane_Grasslands_&_Shrublandsgrid_zhu_sensitivity.Rds,TRUE,TRUE,TRUE,TRUE,FALSE,TRUE,TRUE,TRUE,FALSE,EVI Trend,HMI Change
mat_coef_scaled,0.104214693954611,0.103150304186034,-0.0979561872443662,0.306385575153589,non-significant,evi_coef,olson_biome_Montane Grasslands & Shrublands,0.0704489631667729,0.747846486553021,0.0555535513653113,0.0276493192498497,0.747443608057418,20,1000,16522,1110090.67364984,185051,subset_olson_biome_Montane_Grasslands_&_Shrublandsgrid_zhu_sensitivity,builds/models/subset_olson_biome_Montane_Grasslands_&_Shrublandsgrid_zhu_sensitivity.Rds,TRUE,TRUE,TRUE,TRUE,FALSE,TRUE,TRUE,TRUE,FALSE,EVI Trend,MAT Trend
max_temp_coef_scaled,0.0136079611917567,0.117473264508724,-0.21663540639169,0.243851328775203,non-significant,evi_coef,olson_biome_Montane Grasslands & Shrublands,0.0704489631667729,0.747846486553021,0.0555535513653113,0.0276493192498497,0.747443608057418,20,1000,16522,1110090.67364984,185051,subset_olson_biome_Montane_Grasslands_&_Shrublandsgrid_zhu_sensitivity,builds/models/subset_olson_biome_Montane_Grasslands_&_Shrublandsgrid_zhu_sensitivity.Rds,TRUE,TRUE,TRUE,TRUE,FALSE,TRUE,TRUE,TRUE,FALSE,EVI Trend,Max. Temperature Trend
fire_frequency_scaled,-0.243649671787789,0.0218164200316647,-0.28640906932145,-0.200890274254128,negative,evi_coef,olson_biome_Montane Grasslands & Shrublands,0.0704489631667729,0.747846486553021,0.0555535513653113,0.0276493192498497,0.747443608057418,20,1000,16522,1110090.67364984,185051,subset_olson_biome_Montane_Grasslands_&_Shrublandsgrid_zhu_sensitivity,builds/models/subset_olson_biome_Montane_Grasslands_&_Shrublandsgrid_zhu_sensitivity.Rds,TRUE,TRUE,TRUE,TRUE,FALSE,TRUE,TRUE,TRUE,FALSE,EVI Trend,Fire frequency
(Intercept),9.16410997305827,0.360707736529834,8.45713580051484,9.87108414560171,positive,evi_coef,olson_biome_Temperate Broadleaf & Mixed Forests,0.232753903758147,0.810221681247869,0.206571677313723,0.127710904706999,0.809373892521172,20,1000,23346,680572.495927917,101214,subset_olson_biome_Temperate_Broadleaf_&_Mixed_Forestsgrid_zhu_sensitivity,builds/models/subset_olson_biome_Temperate_Broadleaf_&_Mixed_Forestsgrid_zhu_sensitivity.Rds,TRUE,TRUE,TRUE,TRUE,TRUE,TRUE,TRUE,TRUE,TRUE,EVI Trend,(Intercept)
mean_n_depo_zhu_scaled,0.773891173638728,0.114809474195477,0.548868739131612,0.998913608145844,positive,evi_coef,olson_biome_Temperate Broadleaf & Mixed Forests,0.232753903758147,0.810221681247869,0.206571677313723,0.127710904706999,0.809373892521172,20,1000,23346,680572.495927917,101214,subset_olson_biome_Temperate_Broadleaf_&_Mixed_Forestsgrid_zhu_sensitivity,builds/models/subset_olson_biome_Temperate_Broadleaf_&_Mixed_Forestsgrid_zhu_sensitivity.Rds,TRUE,TRUE,TRUE,TRUE,TRUE,TRUE,TRUE,TRUE,TRUE,EVI Trend,N Deposition
prec_coef_scaled,-0.959893281784284,0.188539635453042,-1.32942417693056,-0.590362386638011,negative,evi_coef,olson_biome_Temperate Broadleaf & Mixed Forests,0.232753903758147,0.810221681247869,0.206571677313723,0.127710904706999,0.809373892521172,20,1000,23346,680572.495927917,101214,subset_olson_biome_Temperate_Broadleaf_&_Mixed_Forestsgrid_zhu_sensitivity,builds/models/subset_olson_biome_Temperate_Broadleaf_&_Mixed_Forestsgrid_zhu_sensitivity.Rds,TRUE,TRUE,TRUE,TRUE,TRUE,TRUE,TRUE,TRUE,TRUE,EVI Trend,Precipitation Trend
hmi_change_scaled,-0.937560603636902,0.0553749320732285,-1.04609347614678,-0.829027731127022,negative,evi_coef,olson_biome_Temperate Broadleaf & Mixed Forests,0.232753903758147,0.810221681247869,0.206571677313723,0.127710904706999,0.809373892521172,20,1000,23346,680572.495927917,101214,subset_olson_biome_Temperate_Broadleaf_&_Mixed_Forestsgrid_zhu_sensitivity,builds/models/subset_olson_biome_Temperate_Broadleaf_&_Mixed_Forestsgrid_zhu_sensitivity.Rds,TRUE,TRUE,TRUE,TRUE,TRUE,TRUE,TRUE,TRUE,TRUE,EVI Trend,HMI Change
mat_coef_scaled,1.17945668703025,0.228621875158337,0.731366045641898,1.6275473284186,positive,evi_coef,olson_biome_Temperate Broadleaf & Mixed Forests,0.232753903758147,0.810221681247869,0.206571677313723,0.127710904706999,0.809373892521172,20,1000,23346,680572.495927917,101214,subset_olson_biome_Temperate_Broadleaf_&_Mixed_Forestsgrid_zhu_sensitivity,builds/models/subset_olson_biome_Temperate_Broadleaf_&_Mixed_Forestsgrid_zhu_sensitivity.Rds,TRUE,TRUE,TRUE,TRUE,TRUE,TRUE,TRUE,TRUE,TRUE,EVI Trend,MAT Trend
max_temp_coef_scaled,-0.150849117547314,0.193852759498246,-0.53079354446758,0.229095309372952,non-significant,evi_coef,olson_biome_Temperate Broadleaf & Mixed Forests,0.232753903758147,0.810221681247869,0.206571677313723,0.127710904706999,0.809373892521172,20,1000,23346,680572.495927917,101214,subset_olson_biome_Temperate_Broadleaf_&_Mixed_Forestsgrid_zhu_sensitivity,builds/models/subset_olson_biome_Temperate_Broadleaf_&_Mixed_Forestsgrid_zhu_sensitivity.Rds,TRUE,TRUE,TRUE,TRUE,TRUE,TRUE,TRUE,TRUE,TRUE,EVI Trend,Max. Temperature Trend
fire_frequency_scaled,-0.344594829999313,0.034741935790183,-0.412687772901275,-0.276501887097351,negative,evi_coef,olson_biome_Temperate Broadleaf & Mixed Forests,0.232753903758147,0.810221681247869,0.206571677313723,0.127710904706999,0.809373892521172,20,1000,23346,680572.495927917,101214,subset_olson_biome_Temperate_Broadleaf_&_Mixed_Forestsgrid_zhu_sensitivity,builds/models/subset_olson_biome_Temperate_Broadleaf_&_Mixed_Forestsgrid_zhu_sensitivity.Rds,TRUE,TRUE,TRUE,TRUE,TRUE,TRUE,TRUE,TRUE,TRUE,EVI Trend,Fire frequency
(Intercept),5.43099010711693,0.271189504687821,4.89946844494355,5.96251176929032,positive,evi_coef,"olson_biome_Temperate Grasslands, Savannas & Shrublands",0.0985802880428062,0.774553940149444,0.00364265405884889,0.0978281320997815,0.774070696964045,20,1000,20398,820301.946704925,132578,"subset_olson_biome_Temperate_Grasslands,_Savannas_&_Shrublandsgrid_zhu_sensitivity","builds/models/subset_olson_biome_Temperate_Grasslands,_Savannas_&_Shrublandsgrid_zhu_sensitivity.Rds",TRUE,TRUE,TRUE,TRUE,TRUE,TRUE,TRUE,TRUE,TRUE,EVI Trend,(Intercept)
mean_n_depo_zhu_scaled,0.348977683957644,0.0557116498331747,0.239784856765314,0.458170511149973,positive,evi_coef,"olson_biome_Temperate Grasslands, Savannas & Shrublands",0.0985802880428062,0.774553940149444,0.00364265405884889,0.0978281320997815,0.774070696964045,20,1000,20398,820301.946704925,132578,"subset_olson_biome_Temperate_Grasslands,_Savannas_&_Shrublandsgrid_zhu_sensitivity","builds/models/subset_olson_biome_Temperate_Grasslands,_Savannas_&_Shrublandsgrid_zhu_sensitivity.Rds",TRUE,TRUE,TRUE,TRUE,TRUE,TRUE,TRUE,TRUE,TRUE,EVI Trend,N Deposition
prec_coef_scaled,-0.436242919921689,0.127562882552649,-0.686261575488994,-0.186224264354383,negative,evi_coef,"olson_biome_Temperate Grasslands, Savannas & Shrublands",0.0985802880428062,0.774553940149444,0.00364265405884889,0.0978281320997815,0.774070696964045,20,1000,20398,820301.946704925,132578,"subset_olson_biome_Temperate_Grasslands,_Savannas_&_Shrublandsgrid_zhu_sensitivity","builds/models/subset_olson_biome_Temperate_Grasslands,_Savannas_&_Shrublandsgrid_zhu_sensitivity.Rds",TRUE,TRUE,TRUE,TRUE,TRUE,TRUE,TRUE,TRUE,TRUE,EVI Trend,Precipitation Trend
hmi_change_scaled,-0.222807248128407,0.0472605315141928,-0.315436187786445,-0.130178308470369,negative,evi_coef,"olson_biome_Temperate Grasslands, Savannas & Shrublands",0.0985802880428062,0.774553940149444,0.00364265405884889,0.0978281320997815,0.774070696964045,20,1000,20398,820301.946704925,132578,"subset_olson_biome_Temperate_Grasslands,_Savannas_&_Shrublandsgrid_zhu_sensitivity","builds/models/subset_olson_biome_Temperate_Grasslands,_Savannas_&_Shrublandsgrid_zhu_sensitivity.Rds",TRUE,TRUE,TRUE,TRUE,TRUE,TRUE,TRUE,TRUE,TRUE,EVI Trend,HMI Change
mat_coef_scaled,1.13535231411968,0.233496549642253,0.677707486306498,1.59299714193287,positive,evi_coef,"olson_biome_Temperate Grasslands, Savannas & Shrublands",0.0985802880428062,0.774553940149444,0.00364265405884889,0.0978281320997815,0.774070696964045,20,1000,20398,820301.946704925,132578,"subset_olson_biome_Temperate_Grasslands,_Savannas_&_Shrublandsgrid_zhu_sensitivity","builds/models/subset_olson_biome_Temperate_Grasslands,_Savannas_&_Shrublandsgrid_zhu_sensitivity.Rds",TRUE,TRUE,TRUE,TRUE,TRUE,TRUE,TRUE,TRUE,TRUE,EVI Trend,MAT Trend
max_temp_coef_scaled,0.0681728157890313,0.193209708272814,-0.310511253889174,0.446856885467237,non-significant,evi_coef,"olson_biome_Temperate Grasslands, Savannas & Shrublands",0.0985802880428062,0.774553940149444,0.00364265405884889,0.0978281320997815,0.774070696964045,20,1000,20398,820301.946704925,132578,"subset_olson_biome_Temperate_Grasslands,_Savannas_&_Shrublandsgrid_zhu_sensitivity","builds/models/subset_olson_biome_Temperate_Grasslands,_Savannas_&_Shrublandsgrid_zhu_sensitivity.Rds",TRUE,TRUE,TRUE,TRUE,TRUE,TRUE,TRUE,TRUE,TRUE,EVI Trend,Max. Temperature Trend
fire_frequency_scaled,-0.432378717949288,0.0260137580189469,-0.483364746768964,-0.381392689129612,negative,evi_coef,"olson_biome_Temperate Grasslands, Savannas & Shrublands",0.0985802880428062,0.774553940149444,0.00364265405884889,0.0978281320997815,0.774070696964045,20,1000,20398,820301.946704925,132578,"subset_olson_biome_Temperate_Grasslands,_Savannas_&_Shrublandsgrid_zhu_sensitivity","builds/models/subset_olson_biome_Temperate_Grasslands,_Savannas_&_Shrublandsgrid_zhu_sensitivity.Rds",TRUE,TRUE,TRUE,TRUE,TRUE,TRUE,TRUE,TRUE,TRUE,EVI Trend,Fire frequency
(Intercept),5.96085785399698,0.516219140962856,4.94908692957958,6.97262877841439,positive,evi_coef,olson_biome_Tropical & Subtropical Coniferous Forests,0.223180346383672,0.728850857223266,0.181922508378024,0.200581749851837,0.72662801665268,20,1000,3618,161130.96895552,26010,subset_olson_biome_Tropical_&_Subtropical_Coniferous_Forestsgrid_zhu_sensitivity,builds/models/subset_olson_biome_Tropical_&_Subtropical_Coniferous_Forestsgrid_zhu_sensitivity.Rds,TRUE,TRUE,TRUE,TRUE,TRUE,TRUE,TRUE,TRUE,TRUE,EVI Trend,(Intercept)
mean_n_depo_zhu_scaled,0.846802756989899,0.205359149275658,0.444306220513826,1.24929929346597,positive,evi_coef,olson_biome_Tropical & Subtropical Coniferous Forests,0.223180346383672,0.728850857223266,0.181922508378024,0.200581749851837,0.72662801665268,20,1000,3618,161130.96895552,26010,subset_olson_biome_Tropical_&_Subtropical_Coniferous_Forestsgrid_zhu_sensitivity,builds/models/subset_olson_biome_Tropical_&_Subtropical_Coniferous_Forestsgrid_zhu_sensitivity.Rds,TRUE,TRUE,TRUE,TRUE,TRUE,TRUE,TRUE,TRUE,TRUE,EVI Trend,N Deposition
prec_coef_scaled,-0.0659713620920873,0.257031696286233,-0.569744229698342,0.437801505514168,non-significant,evi_coef,olson_biome_Tropical & Subtropical Coniferous Forests,0.223180346383672,0.728850857223266,0.181922508378024,0.200581749851837,0.72662801665268,20,1000,3618,161130.96895552,26010,subset_olson_biome_Tropical_&_Subtropical_Coniferous_Forestsgrid_zhu_sensitivity,builds/models/subset_olson_biome_Tropical_&_Subtropical_Coniferous_Forestsgrid_zhu_sensitivity.Rds,TRUE,TRUE,TRUE,TRUE,TRUE,TRUE,TRUE,TRUE,TRUE,EVI Trend,Precipitation Trend
hmi_change_scaled,-0.165440675092082,0.0989698687342467,-0.359418053365862,0.028536703181698,non-significant,evi_coef,olson_biome_Tropical & Subtropical Coniferous Forests,0.223180346383672,0.728850857223266,0.181922508378024,0.200581749851837,0.72662801665268,20,1000,3618,161130.96895552,26010,subset_olson_biome_Tropical_&_Subtropical_Coniferous_Forestsgrid_zhu_sensitivity,builds/models/subset_olson_biome_Tropical_&_Subtropical_Coniferous_Forestsgrid_zhu_sensitivity.Rds,TRUE,TRUE,TRUE,TRUE,TRUE,TRUE,TRUE,TRUE,TRUE,EVI Trend,HMI Change
mat_coef_scaled,0.141193388249323,0.173329201627802,-0.19852560441025,0.480912380908896,non-significant,evi_coef,olson_biome_Tropical & Subtropical Coniferous Forests,0.223180346383672,0.728850857223266,0.181922508378024,0.200581749851837,0.72662801665268,20,1000,3618,161130.96895552,26010,subset_olson_biome_Tropical_&_Subtropical_Coniferous_Forestsgrid_zhu_sensitivity,builds/models/subset_olson_biome_Tropical_&_Subtropical_Coniferous_Forestsgrid_zhu_sensitivity.Rds,TRUE,TRUE,TRUE,TRUE,TRUE,TRUE,TRUE,TRUE,TRUE,EVI Trend,MAT Trend
max_temp_coef_scaled,-0.555990638499904,0.270914426476223,-1.08697315728563,-0.0250081197141828,negative,evi_coef,olson_biome_Tropical & Subtropical Coniferous Forests,0.223180346383672,0.728850857223266,0.181922508378024,0.200581749851837,0.72662801665268,20,1000,3618,161130.96895552,26010,subset_olson_biome_Tropical_&_Subtropical_Coniferous_Forestsgrid_zhu_sensitivity,builds/models/subset_olson_biome_Tropical_&_Subtropical_Coniferous_Forestsgrid_zhu_sensitivity.Rds,TRUE,TRUE,TRUE,TRUE,TRUE,TRUE,TRUE,TRUE,TRUE,EVI Trend,Max. Temperature Trend
fire_frequency_scaled,-0.304234957767721,0.0483232647638216,-0.398946816320204,-0.209523099215237,negative,evi_coef,olson_biome_Tropical & Subtropical Coniferous Forests,0.223180346383672,0.728850857223266,0.181922508378024,0.200581749851837,0.72662801665268,20,1000,3618,161130.96895552,26010,subset_olson_biome_Tropical_&_Subtropical_Coniferous_Forestsgrid_zhu_sensitivity,builds/models/subset_olson_biome_Tropical_&_Subtropical_Coniferous_Forestsgrid_zhu_sensitivity.Rds,TRUE,TRUE,TRUE,TRUE,TRUE,TRUE,TRUE,TRUE,TRUE,EVI Trend,Fire frequency
(Intercept),6.79992297436279,0.234281837824334,6.34073900999524,7.25910693873034,positive,evi_coef,"olson_biome_Tropical & Subtropical Grasslands, Savannas & Shrublands",0.0148869124276914,0.721100126383962,0.00217956345920189,0.0145735352867615,0.720401968883302,20,1000,32939,678241.938975891,101501,"subset_olson_biome_Tropical_&_Subtropical_Grasslands,_Savannas_&_Shrublandsgrid_zhu_sensitivity","builds/models/subset_olson_biome_Tropical_&_Subtropical_Grasslands,_Savannas_&_Shrublandsgrid_zhu_sensitivity.Rds",TRUE,TRUE,TRUE,TRUE,TRUE,TRUE,TRUE,TRUE,TRUE,EVI Trend,(Intercept)
mean_n_depo_zhu_scaled,-0.0454775657350263,0.066875813573237,-0.176551751775386,0.0855966203053332,non-significant,evi_coef,"olson_biome_Tropical & Subtropical Grasslands, Savannas & Shrublands",0.0148869124276914,0.721100126383962,0.00217956345920189,0.0145735352867615,0.720401968883302,20,1000,32939,678241.938975891,101501,"subset_olson_biome_Tropical_&_Subtropical_Grasslands,_Savannas_&_Shrublandsgrid_zhu_sensitivity","builds/models/subset_olson_biome_Tropical_&_Subtropical_Grasslands,_Savannas_&_Shrublandsgrid_zhu_sensitivity.Rds",TRUE,TRUE,TRUE,TRUE,TRUE,TRUE,TRUE,TRUE,TRUE,EVI Trend,N Deposition
prec_coef_scaled,-0.332475397911415,0.154882599353833,-0.636039714476875,-0.0289110813459549,negative,evi_coef,"olson_biome_Tropical & Subtropical Grasslands, Savannas & Shrublands",0.0148869124276914,0.721100126383962,0.00217956345920189,0.0145735352867615,0.720401968883302,20,1000,32939,678241.938975891,101501,"subset_olson_biome_Tropical_&_Subtropical_Grasslands,_Savannas_&_Shrublandsgrid_zhu_sensitivity","builds/models/subset_olson_biome_Tropical_&_Subtropical_Grasslands,_Savannas_&_Shrublandsgrid_zhu_sensitivity.Rds",TRUE,TRUE,TRUE,TRUE,TRUE,TRUE,TRUE,TRUE,TRUE,EVI Trend,Precipitation Trend
hmi_change_scaled,-0.732872069510902,0.0652736021840443,-0.860805978932823,-0.60493816008898,negative,evi_coef,"olson_biome_Tropical & Subtropical Grasslands, Savannas & Shrublands",0.0148869124276914,0.721100126383962,0.00217956345920189,0.0145735352867615,0.720401968883302,20,1000,32939,678241.938975891,101501,"subset_olson_biome_Tropical_&_Subtropical_Grasslands,_Savannas_&_Shrublandsgrid_zhu_sensitivity","builds/models/subset_olson_biome_Tropical_&_Subtropical_Grasslands,_Savannas_&_Shrublandsgrid_zhu_sensitivity.Rds",TRUE,TRUE,TRUE,TRUE,TRUE,TRUE,TRUE,TRUE,TRUE,EVI Trend,HMI Change
mat_coef_scaled,0.183953235314496,0.226421903856867,-0.259825541555954,0.627732012184946,non-significant,evi_coef,"olson_biome_Tropical & Subtropical Grasslands, Savannas & Shrublands",0.0148869124276914,0.721100126383962,0.00217956345920189,0.0145735352867615,0.720401968883302,20,1000,32939,678241.938975891,101501,"subset_olson_biome_Tropical_&_Subtropical_Grasslands,_Savannas_&_Shrublandsgrid_zhu_sensitivity","builds/models/subset_olson_biome_Tropical_&_Subtropical_Grasslands,_Savannas_&_Shrublandsgrid_zhu_sensitivity.Rds",TRUE,TRUE,TRUE,TRUE,TRUE,TRUE,TRUE,TRUE,TRUE,EVI Trend,MAT Trend
max_temp_coef_scaled,0.0914595258625642,0.161447923387117,-0.224972589354967,0.407891641080096,non-significant,evi_coef,"olson_biome_Tropical & Subtropical Grasslands, Savannas & Shrublands",0.0148869124276914,0.721100126383962,0.00217956345920189,0.0145735352867615,0.720401968883302,20,1000,32939,678241.938975891,101501,"subset_olson_biome_Tropical_&_Subtropical_Grasslands,_Savannas_&_Shrublandsgrid_zhu_sensitivity","builds/models/subset_olson_biome_Tropical_&_Subtropical_Grasslands,_Savannas_&_Shrublandsgrid_zhu_sensitivity.Rds",TRUE,TRUE,TRUE,TRUE,TRUE,TRUE,TRUE,TRUE,TRUE,EVI Trend,Max. Temperature Trend
fire_frequency_scaled,-0.238651347707418,0.0436812740864292,-0.324265071715642,-0.153037623699194,negative,evi_coef,"olson_biome_Tropical & Subtropical Grasslands, Savannas & Shrublands",0.0148869124276914,0.721100126383962,0.00217956345920189,0.0145735352867615,0.720401968883302,20,1000,32939,678241.938975891,101501,"subset_olson_biome_Tropical_&_Subtropical_Grasslands,_Savannas_&_Shrublandsgrid_zhu_sensitivity","builds/models/subset_olson_biome_Tropical_&_Subtropical_Grasslands,_Savannas_&_Shrublandsgrid_zhu_sensitivity.Rds",TRUE,TRUE,TRUE,TRUE,TRUE,TRUE,TRUE,TRUE,TRUE,EVI Trend,Fire frequency
(Intercept),7.62803403827409,0.285969336723773,7.06754443761269,8.1885236389355,positive,evi_coef,olson_biome_Tropical & Subtropical Moist Broadleaf Forests,0.1621659825002,0.754171921011087,0.145128902803428,0.0597236233832418,0.75273012047824,20,1000,35695,811177.546451854,109641,subset_olson_biome_Tropical_&_Subtropical_Moist_Broadleaf_Forestsgrid_zhu_sensitivity,builds/models/subset_olson_biome_Tropical_&_Subtropical_Moist_Broadleaf_Forestsgrid_zhu_sensitivity.Rds,TRUE,TRUE,TRUE,TRUE,TRUE,TRUE,TRUE,TRUE,TRUE,EVI Trend,(Intercept)
mean_n_depo_zhu_scaled,0.854143354468608,0.111776394380625,0.635065647160839,1.07322106177638,positive,evi_coef,olson_biome_Tropical & Subtropical Moist Broadleaf Forests,0.1621659825002,0.754171921011087,0.145128902803428,0.0597236233832418,0.75273012047824,20,1000,35695,811177.546451854,109641,subset_olson_biome_Tropical_&_Subtropical_Moist_Broadleaf_Forestsgrid_zhu_sensitivity,builds/models/subset_olson_biome_Tropical_&_Subtropical_Moist_Broadleaf_Forestsgrid_zhu_sensitivity.Rds,TRUE,TRUE,TRUE,TRUE,TRUE,TRUE,TRUE,TRUE,TRUE,EVI Trend,N Deposition
prec_coef_scaled,-0.367266847022158,0.13589103943486,-0.633608390136196,-0.100925303908121,negative,evi_coef,olson_biome_Tropical & Subtropical Moist Broadleaf Forests,0.1621659825002,0.754171921011087,0.145128902803428,0.0597236233832418,0.75273012047824,20,1000,35695,811177.546451854,109641,subset_olson_biome_Tropical_&_Subtropical_Moist_Broadleaf_Forestsgrid_zhu_sensitivity,builds/models/subset_olson_biome_Tropical_&_Subtropical_Moist_Broadleaf_Forestsgrid_zhu_sensitivity.Rds,TRUE,TRUE,TRUE,TRUE,TRUE,TRUE,TRUE,TRUE,TRUE,EVI Trend,Precipitation Trend
hmi_change_scaled,-1.26530117086659,0.0821336329634763,-1.42628013339443,-1.10432220833874,negative,evi_coef,olson_biome_Tropical & Subtropical Moist Broadleaf Forests,0.1621659825002,0.754171921011087,0.145128902803428,0.0597236233832418,0.75273012047824,20,1000,35695,811177.546451854,109641,subset_olson_biome_Tropical_&_Subtropical_Moist_Broadleaf_Forestsgrid_zhu_sensitivity,builds/models/subset_olson_biome_Tropical_&_Subtropical_Moist_Broadleaf_Forestsgrid_zhu_sensitivity.Rds,TRUE,TRUE,TRUE,TRUE,TRUE,TRUE,TRUE,TRUE,TRUE,EVI Trend,HMI Change
mat_coef_scaled,0.012483058863667,0.188773974800991,-0.357507132964748,0.382473250692082,non-significant,evi_coef,olson_biome_Tropical & Subtropical Moist Broadleaf Forests,0.1621659825002,0.754171921011087,0.145128902803428,0.0597236233832418,0.75273012047824,20,1000,35695,811177.546451854,109641,subset_olson_biome_Tropical_&_Subtropical_Moist_Broadleaf_Forestsgrid_zhu_sensitivity,builds/models/subset_olson_biome_Tropical_&_Subtropical_Moist_Broadleaf_Forestsgrid_zhu_sensitivity.Rds,TRUE,TRUE,TRUE,TRUE,TRUE,TRUE,TRUE,TRUE,TRUE,EVI Trend,MAT Trend
max_temp_coef_scaled,-0.124421487687045,0.120287214013004,-0.360180094953194,0.111337119579105,non-significant,evi_coef,olson_biome_Tropical & Subtropical Moist Broadleaf Forests,0.1621659825002,0.754171921011087,0.145128902803428,0.0597236233832418,0.75273012047824,20,1000,35695,811177.546451854,109641,subset_olson_biome_Tropical_&_Subtropical_Moist_Broadleaf_Forestsgrid_zhu_sensitivity,builds/models/subset_olson_biome_Tropical_&_Subtropical_Moist_Broadleaf_Forestsgrid_zhu_sensitivity.Rds,TRUE,TRUE,TRUE,TRUE,TRUE,TRUE,TRUE,TRUE,TRUE,EVI Trend,Max. Temperature Trend
fire_frequency_scaled,-0.5899672374057,0.047065510632554,-0.682213943159493,-0.497720531651907,negative,evi_coef,olson_biome_Tropical & Subtropical Moist Broadleaf Forests,0.1621659825002,0.754171921011087,0.145128902803428,0.0597236233832418,0.75273012047824,20,1000,35695,811177.546451854,109641,subset_olson_biome_Tropical_&_Subtropical_Moist_Broadleaf_Forestsgrid_zhu_sensitivity,builds/models/subset_olson_biome_Tropical_&_Subtropical_Moist_Broadleaf_Forestsgrid_zhu_sensitivity.Rds,TRUE,TRUE,TRUE,TRUE,TRUE,TRUE,TRUE,TRUE,TRUE,EVI Trend,Fire frequency
(Intercept),6.4098166500444,0.252466325993811,5.91499174378738,6.90464155630142,positive,evi_coef,olson_biome_Tundra,0.0288754286793881,0.644187203412507,0.000158347326260855,0.028804796991514,0.642308463476744,20,1000,15200,684106.485806842,102126,subset_olson_biome_Tundragrid_zhu_sensitivity,builds/models/subset_olson_biome_Tundragrid_zhu_sensitivity.Rds,TRUE,TRUE,TRUE,TRUE,FALSE,TRUE,TRUE,TRUE,FALSE,EVI Trend,(Intercept)
mean_n_depo_zhu_scaled,-0.0535981740189404,0.0379375770179985,-0.127954458634932,0.020758110597051,non-significant,evi_coef,olson_biome_Tundra,0.0288754286793881,0.644187203412507,0.000158347326260855,0.028804796991514,0.642308463476744,20,1000,15200,684106.485806842,102126,subset_olson_biome_Tundragrid_zhu_sensitivity,builds/models/subset_olson_biome_Tundragrid_zhu_sensitivity.Rds,TRUE,TRUE,TRUE,TRUE,FALSE,TRUE,TRUE,TRUE,FALSE,EVI Trend,N Deposition
prec_coef_scaled,0.41626659091223,0.156092329589526,0.110331246653804,0.722201935170656,positive,evi_coef,olson_biome_Tundra,0.0288754286793881,0.644187203412507,0.000158347326260855,0.028804796991514,0.642308463476744,20,1000,15200,684106.485806842,102126,subset_olson_biome_Tundragrid_zhu_sensitivity,builds/models/subset_olson_biome_Tundragrid_zhu_sensitivity.Rds,TRUE,TRUE,TRUE,TRUE,FALSE,TRUE,TRUE,TRUE,FALSE,EVI Trend,Precipitation Trend
hmi_change_scaled,-0.05963383112117,0.0363471630873451,-0.13087296171257,0.0116052994702299,non-significant,evi_coef,olson_biome_Tundra,0.0288754286793881,0.644187203412507,0.000158347326260855,0.028804796991514,0.642308463476744,20,1000,15200,684106.485806842,102126,subset_olson_biome_Tundragrid_zhu_sensitivity,builds/models/subset_olson_biome_Tundragrid_zhu_sensitivity.Rds,TRUE,TRUE,TRUE,TRUE,FALSE,TRUE,TRUE,TRUE,FALSE,EVI Trend,HMI Change
mat_coef_scaled,-1.08792917346473,0.158333367008422,-1.3982568703522,-0.777601476577259,negative,evi_coef,olson_biome_Tundra,0.0288754286793881,0.644187203412507,0.000158347326260855,0.028804796991514,0.642308463476744,20,1000,15200,684106.485806842,102126,subset_olson_biome_Tundragrid_zhu_sensitivity,builds/models/subset_olson_biome_Tundragrid_zhu_sensitivity.Rds,TRUE,TRUE,TRUE,TRUE,FALSE,TRUE,TRUE,TRUE,FALSE,EVI Trend,MAT Trend
max_temp_coef_scaled,-0.244783360123746,0.126782193926291,-0.493271894100249,0.00370517385275632,non-significant,evi_coef,olson_biome_Tundra,0.0288754286793881,0.644187203412507,0.000158347326260855,0.028804796991514,0.642308463476744,20,1000,15200,684106.485806842,102126,subset_olson_biome_Tundragrid_zhu_sensitivity,builds/models/subset_olson_biome_Tundragrid_zhu_sensitivity.Rds,TRUE,TRUE,TRUE,TRUE,FALSE,TRUE,TRUE,TRUE,FALSE,EVI Trend,Max. Temperature Trend
fire_frequency_scaled,-0.579764484838764,0.0279672276286424,-0.634579243738337,-0.524949725939191,negative,evi_coef,olson_biome_Tundra,0.0288754286793881,0.644187203412507,0.000158347326260855,0.028804796991514,0.642308463476744,20,1000,15200,684106.485806842,102126,subset_olson_biome_Tundragrid_zhu_sensitivity,builds/models/subset_olson_biome_Tundragrid_zhu_sensitivity.Rds,TRUE,TRUE,TRUE,TRUE,FALSE,TRUE,TRUE,TRUE,FALSE,EVI Trend,Fire frequency
(Intercept),6.71558996321021,0.257507612733894,6.21088431650688,7.22029560991353,positive,evi_coef,super_biome_cold_short,0.0894779608289775,0.743028227129155,0.038614359741638,0.056860011879759,0.741743431348996,20,1000,37795,698126.364820282,108504,subset_super_biome_cold_shortgrid_zhu_sensitivity,builds/models/subset_super_biome_cold_shortgrid_zhu_sensitivity.Rds,TRUE,TRUE,TRUE,TRUE,TRUE,TRUE,TRUE,TRUE,TRUE,EVI Trend,(Intercept)
mean_n_depo_zhu_scaled,0.997774571817452,0.0667812268681167,0.866885772312545,1.12866337132236,positive,evi_coef,super_biome_cold_short,0.0894779608289775,0.743028227129155,0.038614359741638,0.056860011879759,0.741743431348996,20,1000,37795,698126.364820282,108504,subset_super_biome_cold_shortgrid_zhu_sensitivity,builds/models/subset_super_biome_cold_shortgrid_zhu_sensitivity.Rds,TRUE,TRUE,TRUE,TRUE,TRUE,TRUE,TRUE,TRUE,TRUE,EVI Trend,N Deposition
prec_coef_scaled,-0.463578533002543,0.107078741676848,-0.673449010199033,-0.253708055806053,negative,evi_coef,super_biome_cold_short,0.0894779608289775,0.743028227129155,0.038614359741638,0.056860011879759,0.741743431348996,20,1000,37795,698126.364820282,108504,subset_super_biome_cold_shortgrid_zhu_sensitivity,builds/models/subset_super_biome_cold_shortgrid_zhu_sensitivity.Rds,TRUE,TRUE,TRUE,TRUE,TRUE,TRUE,TRUE,TRUE,TRUE,EVI Trend,Precipitation Trend
hmi_change_scaled,-0.327499198802213,0.0425371139914332,-0.410870410231697,-0.244127987372729,negative,evi_coef,super_biome_cold_short,0.0894779608289775,0.743028227129155,0.038614359741638,0.056860011879759,0.741743431348996,20,1000,37795,698126.364820282,108504,subset_super_biome_cold_shortgrid_zhu_sensitivity,builds/models/subset_super_biome_cold_shortgrid_zhu_sensitivity.Rds,TRUE,TRUE,TRUE,TRUE,TRUE,TRUE,TRUE,TRUE,TRUE,EVI Trend,HMI Change
mat_coef_scaled,0.094332927684726,0.149959280959909,-0.199581862144219,0.388247717513671,non-significant,evi_coef,super_biome_cold_short,0.0894779608289775,0.743028227129155,0.038614359741638,0.056860011879759,0.741743431348996,20,1000,37795,698126.364820282,108504,subset_super_biome_cold_shortgrid_zhu_sensitivity,builds/models/subset_super_biome_cold_shortgrid_zhu_sensitivity.Rds,TRUE,TRUE,TRUE,TRUE,TRUE,TRUE,TRUE,TRUE,TRUE,EVI Trend,MAT Trend
max_temp_coef_scaled,-0.18258483555962,0.108308986382947,-0.394866548072236,0.0296968769529954,non-significant,evi_coef,super_biome_cold_short,0.0894779608289775,0.743028227129155,0.038614359741638,0.056860011879759,0.741743431348996,20,1000,37795,698126.364820282,108504,subset_super_biome_cold_shortgrid_zhu_sensitivity,builds/models/subset_super_biome_cold_shortgrid_zhu_sensitivity.Rds,TRUE,TRUE,TRUE,TRUE,TRUE,TRUE,TRUE,TRUE,TRUE,EVI Trend,Max. Temperature Trend
fire_frequency_scaled,-0.448784307176379,0.0303450416164979,-0.508259495854084,-0.389309118498674,negative,evi_coef,super_biome_cold_short,0.0894779608289775,0.743028227129155,0.038614359741638,0.056860011879759,0.741743431348996,20,1000,37795,698126.364820282,108504,subset_super_biome_cold_shortgrid_zhu_sensitivity,builds/models/subset_super_biome_cold_shortgrid_zhu_sensitivity.Rds,TRUE,TRUE,TRUE,TRUE,TRUE,TRUE,TRUE,TRUE,TRUE,EVI Trend,Fire frequency
(Intercept),6.49808096680984,0.214347009381981,6.07796854822729,6.91819338539239,positive,evi_coef,super_biome_cold_tall,0.0798050109593493,0.653960412809948,0.0622913474290549,0.0499009115474223,0.648053788041382,20,1000,42098,774174.747157294,103385,subset_super_biome_cold_tallgrid_zhu_sensitivity,builds/models/subset_super_biome_cold_tallgrid_zhu_sensitivity.Rds,TRUE,TRUE,TRUE,TRUE,FALSE,TRUE,TRUE,TRUE,FALSE,EVI Trend,(Intercept)
mean_n_depo_zhu_scaled,1.71059589480953,0.122988971893783,1.4695419394021,1.95164985021695,positive,evi_coef,super_biome_cold_tall,0.0798050109593493,0.653960412809948,0.0622913474290549,0.0499009115474223,0.648053788041382,20,1000,42098,774174.747157294,103385,subset_super_biome_cold_tallgrid_zhu_sensitivity,builds/models/subset_super_biome_cold_tallgrid_zhu_sensitivity.Rds,TRUE,TRUE,TRUE,TRUE,FALSE,TRUE,TRUE,TRUE,FALSE,EVI Trend,N Deposition
prec_coef_scaled,-0.817918600240261,0.141618905589617,-1.09548655472589,-0.540350645754634,negative,evi_coef,super_biome_cold_tall,0.0798050109593493,0.653960412809948,0.0622913474290549,0.0499009115474223,0.648053788041382,20,1000,42098,774174.747157294,103385,subset_super_biome_cold_tallgrid_zhu_sensitivity,builds/models/subset_super_biome_cold_tallgrid_zhu_sensitivity.Rds,TRUE,TRUE,TRUE,TRUE,FALSE,TRUE,TRUE,TRUE,FALSE,EVI Trend,Precipitation Trend
hmi_change_scaled,-0.139667598479535,0.0724899203835162,-0.281745231673403,0.0024100347143324,non-significant,evi_coef,super_biome_cold_tall,0.0798050109593493,0.653960412809948,0.0622913474290549,0.0499009115474223,0.648053788041382,20,1000,42098,774174.747157294,103385,subset_super_biome_cold_tallgrid_zhu_sensitivity,builds/models/subset_super_biome_cold_tallgrid_zhu_sensitivity.Rds,TRUE,TRUE,TRUE,TRUE,FALSE,TRUE,TRUE,TRUE,FALSE,EVI Trend,HMI Change
mat_coef_scaled,-0.0877580691235432,0.164010715673192,-0.409213164921639,0.233697026674552,non-significant,evi_coef,super_biome_cold_tall,0.0798050109593493,0.653960412809948,0.0622913474290549,0.0499009115474223,0.648053788041382,20,1000,42098,774174.747157294,103385,subset_super_biome_cold_tallgrid_zhu_sensitivity,builds/models/subset_super_biome_cold_tallgrid_zhu_sensitivity.Rds,TRUE,TRUE,TRUE,TRUE,FALSE,TRUE,TRUE,TRUE,FALSE,EVI Trend,MAT Trend
max_temp_coef_scaled,-0.547382039234038,0.150467717056065,-0.842293345499889,-0.252470732968188,negative,evi_coef,super_biome_cold_tall,0.0798050109593493,0.653960412809948,0.0622913474290549,0.0499009115474223,0.648053788041382,20,1000,42098,774174.747157294,103385,subset_super_biome_cold_tallgrid_zhu_sensitivity,builds/models/subset_super_biome_cold_tallgrid_zhu_sensitivity.Rds,TRUE,TRUE,TRUE,TRUE,FALSE,TRUE,TRUE,TRUE,FALSE,EVI Trend,Max. Temperature Trend
fire_frequency_scaled,-1.35235539015666,0.0594949606072263,-1.46896337020845,-1.23574741010487,negative,evi_coef,super_biome_cold_tall,0.0798050109593493,0.653960412809948,0.0622913474290549,0.0499009115474223,0.648053788041382,20,1000,42098,774174.747157294,103385,subset_super_biome_cold_tallgrid_zhu_sensitivity,builds/models/subset_super_biome_cold_tallgrid_zhu_sensitivity.Rds,TRUE,TRUE,TRUE,TRUE,FALSE,TRUE,TRUE,TRUE,FALSE,EVI Trend,Fire frequency
(Intercept),5.54359014840568,0.302494214004426,4.95071238342525,6.13646791338611,positive,evi_coef,super_biome_not_cold_short,0.118242589057662,0.785978636248771,0.0812244174516356,0.0955994909245148,0.78563116103791,20,1000,55256,619228.1272125,102141,subset_super_biome_not_cold_shortgrid_zhu_sensitivity,builds/models/subset_super_biome_not_cold_shortgrid_zhu_sensitivity.Rds,TRUE,TRUE,TRUE,TRUE,TRUE,TRUE,TRUE,TRUE,TRUE,EVI Trend,(Intercept)
mean_n_depo_zhu_scaled,0.190019148936083,0.0485425871435098,0.0948774264184063,0.285160871453759,positive,evi_coef,super_biome_not_cold_short,0.118242589057662,0.785978636248771,0.0812244174516356,0.0955994909245148,0.78563116103791,20,1000,55256,619228.1272125,102141,subset_super_biome_not_cold_shortgrid_zhu_sensitivity,builds/models/subset_super_biome_not_cold_shortgrid_zhu_sensitivity.Rds,TRUE,TRUE,TRUE,TRUE,TRUE,TRUE,TRUE,TRUE,TRUE,EVI Trend,N Deposition
prec_coef_scaled,-0.424486882737363,0.0815708902722214,-0.584362889857785,-0.26461087561694,negative,evi_coef,super_biome_not_cold_short,0.118242589057662,0.785978636248771,0.0812244174516356,0.0955994909245148,0.78563116103791,20,1000,55256,619228.1272125,102141,subset_super_biome_not_cold_shortgrid_zhu_sensitivity,builds/models/subset_super_biome_not_cold_shortgrid_zhu_sensitivity.Rds,TRUE,TRUE,TRUE,TRUE,TRUE,TRUE,TRUE,TRUE,TRUE,EVI Trend,Precipitation Trend
hmi_change_scaled,-0.176832547629888,0.0418239672200871,-0.258806017071842,-0.0948590781879332,negative,evi_coef,super_biome_not_cold_short,0.118242589057662,0.785978636248771,0.0812244174516356,0.0955994909245148,0.78563116103791,20,1000,55256,619228.1272125,102141,subset_super_biome_not_cold_shortgrid_zhu_sensitivity,builds/models/subset_super_biome_not_cold_shortgrid_zhu_sensitivity.Rds,TRUE,TRUE,TRUE,TRUE,TRUE,TRUE,TRUE,TRUE,TRUE,EVI Trend,HMI Change
mat_coef_scaled,0.0658553441413735,0.190146446258334,-0.306824842313242,0.438535530595989,non-significant,evi_coef,super_biome_not_cold_short,0.118242589057662,0.785978636248771,0.0812244174516356,0.0955994909245148,0.78563116103791,20,1000,55256,619228.1272125,102141,subset_super_biome_not_cold_shortgrid_zhu_sensitivity,builds/models/subset_super_biome_not_cold_shortgrid_zhu_sensitivity.Rds,TRUE,TRUE,TRUE,TRUE,TRUE,TRUE,TRUE,TRUE,TRUE,EVI Trend,MAT Trend
max_temp_coef_scaled,0.030676156102896,0.111639821787035,-0.188133873840163,0.249486186045954,non-significant,evi_coef,super_biome_not_cold_short,0.118242589057662,0.785978636248771,0.0812244174516356,0.0955994909245148,0.78563116103791,20,1000,55256,619228.1272125,102141,subset_super_biome_not_cold_shortgrid_zhu_sensitivity,builds/models/subset_super_biome_not_cold_shortgrid_zhu_sensitivity.Rds,TRUE,TRUE,TRUE,TRUE,TRUE,TRUE,TRUE,TRUE,TRUE,EVI Trend,Max. Temperature Trend
fire_frequency_scaled,-0.116575421043031,0.0343952405130021,-0.183988853688108,-0.0491619883979537,negative,evi_coef,super_biome_not_cold_short,0.118242589057662,0.785978636248771,0.0812244174516356,0.0955994909245148,0.78563116103791,20,1000,55256,619228.1272125,102141,subset_super_biome_not_cold_shortgrid_zhu_sensitivity,builds/models/subset_super_biome_not_cold_shortgrid_zhu_sensitivity.Rds,TRUE,TRUE,TRUE,TRUE,TRUE,TRUE,TRUE,TRUE,TRUE,EVI Trend,Fire frequency
(Intercept),7.19960544652072,0.224587185760571,6.75942265104079,7.63978824200064,positive,evi_coef,super_biome_not_cold_tall,0.08986285599948,0.720495785305933,0.0797691522319762,0.031459586707962,0.718070651165689,20,1000,49826,735556.799757451,100186,subset_super_biome_not_cold_tallgrid_zhu_sensitivity,builds/models/subset_super_biome_not_cold_tallgrid_zhu_sensitivity.Rds,TRUE,TRUE,TRUE,TRUE,TRUE,TRUE,TRUE,TRUE,TRUE,EVI Trend,(Intercept)
mean_n_depo_zhu_scaled,0.673054281208859,0.0924594779512035,0.491837034395125,0.854271528022593,positive,evi_coef,super_biome_not_cold_tall,0.08986285599948,0.720495785305933,0.0797691522319762,0.031459586707962,0.718070651165689,20,1000,49826,735556.799757451,100186,subset_super_biome_not_cold_tallgrid_zhu_sensitivity,builds/models/subset_super_biome_not_cold_tallgrid_zhu_sensitivity.Rds,TRUE,TRUE,TRUE,TRUE,TRUE,TRUE,TRUE,TRUE,TRUE,EVI Trend,N Deposition
prec_coef_scaled,-0.22346775196313,0.119205201706492,-0.457105654077687,0.0101701501514273,non-significant,evi_coef,super_biome_not_cold_tall,0.08986285599948,0.720495785305933,0.0797691522319762,0.031459586707962,0.718070651165689,20,1000,49826,735556.799757451,100186,subset_super_biome_not_cold_tallgrid_zhu_sensitivity,builds/models/subset_super_biome_not_cold_tallgrid_zhu_sensitivity.Rds,TRUE,TRUE,TRUE,TRUE,TRUE,TRUE,TRUE,TRUE,TRUE,EVI Trend,Precipitation Trend
hmi_change_scaled,-1.32374076785462,0.0701312878518579,-1.46119556623367,-1.18628596947556,negative,evi_coef,super_biome_not_cold_tall,0.08986285599948,0.720495785305933,0.0797691522319762,0.031459586707962,0.718070651165689,20,1000,49826,735556.799757451,100186,subset_super_biome_not_cold_tallgrid_zhu_sensitivity,builds/models/subset_super_biome_not_cold_tallgrid_zhu_sensitivity.Rds,TRUE,TRUE,TRUE,TRUE,TRUE,TRUE,TRUE,TRUE,TRUE,EVI Trend,HMI Change
mat_coef_scaled,0.23067812229926,0.16101190867732,-0.0848994197903383,0.546255664388859,non-significant,evi_coef,super_biome_not_cold_tall,0.08986285599948,0.720495785305933,0.0797691522319762,0.031459586707962,0.718070651165689,20,1000,49826,735556.799757451,100186,subset_super_biome_not_cold_tallgrid_zhu_sensitivity,builds/models/subset_super_biome_not_cold_tallgrid_zhu_sensitivity.Rds,TRUE,TRUE,TRUE,TRUE,TRUE,TRUE,TRUE,TRUE,TRUE,EVI Trend,MAT Trend
max_temp_coef_scaled,0.0397504783124338,0.130394681303551,-0.215818400818105,0.295319357442973,non-significant,evi_coef,super_biome_not_cold_tall,0.08986285599948,0.720495785305933,0.0797691522319762,0.031459586707962,0.718070651165689,20,1000,49826,735556.799757451,100186,subset_super_biome_not_cold_tallgrid_zhu_sensitivity,builds/models/subset_super_biome_not_cold_tallgrid_zhu_sensitivity.Rds,TRUE,TRUE,TRUE,TRUE,TRUE,TRUE,TRUE,TRUE,TRUE,EVI Trend,Max. Temperature Trend
fire_frequency_scaled,-0.384629440843191,0.0603612747926994,-0.502935365497807,-0.266323516188574,negative,evi_coef,super_biome_not_cold_tall,0.08986285599948,0.720495785305933,0.0797691522319762,0.031459586707962,0.718070651165689,20,1000,49826,735556.799757451,100186,subset_super_biome_not_cold_tallgrid_zhu_sensitivity,builds/models/subset_super_biome_not_cold_tallgrid_zhu_sensitivity.Rds,TRUE,TRUE,TRUE,TRUE,TRUE,TRUE,TRUE,TRUE,TRUE,EVI Trend,Fire frequency
